Unix,Date,Symbol,Open,High,Low,Close,Volume 1INCH,Volume BTC,tradecount
1677542400000,2023-02-28,1INCHBTC,2.464e-05,2.494e-05,2.434e-05,2.465e-05,180356.4,4.4402141,1507
1677456000000,2023-02-27,1INCHBTC,2.476e-05,2.504e-05,2.42e-05,2.464e-05,462133.3,11.36208127,3048
1677369600000,2023-02-26,1INCHBTC,2.51e-05,2.577e-05,2.433e-05,2.473e-05,313277.2,7.83695251,3119
1677283200000,2023-02-25,1INCHBTC,2.59e-05,2.595e-05,2.473e-05,2.511e-05,254662.1,6.48118186,2253
1677196800000,2023-02-24,1INCHBTC,2.587e-05,2.61e-05,2.537e-05,2.592e-05,323018.3,8.32982507,2955
1677110400000,2023-02-23,1INCHBTC,2.656e-05,2.671e-05,2.548e-05,2.588e-05,415584.5,10.82737274,3847
1677024000000,2023-02-22,1INCHBTC,2.807e-05,2.807e-05,2.638e-05,2.653e-05,649955.4,17.55591484,6032
1676937600000,2023-02-21,1INCHBTC,2.473e-05,2.855e-05,2.42e-05,2.81e-05,2239142.1,59.75378327,15114
1676851200000,2023-02-20,1INCHBTC,2.367e-05,2.488e-05,2.358e-05,2.464e-05,670174.5,16.28536249,4740
1676764800000,2023-02-19,1INCHBTC,2.335e-05,2.433e-05,2.305e-05,2.368e-05,706110.7,16.6471372,4301
1676678400000,2023-02-18,1INCHBTC,2.314e-05,2.362e-05,2.299e-05,2.335e-05,290880.0,6.78917601,2341
1676592000000,2023-02-17,1INCHBTC,2.302e-05,2.351e-05,2.28e-05,2.309e-05,462587.4,10.73555553,2934
1676505600000,2023-02-16,1INCHBTC,2.332e-05,2.336e-05,2.248e-05,2.304e-05,479592.6,10.96028667,2497
1676419200000,2023-02-15,1INCHBTC,2.433e-05,2.446e-05,2.301e-05,2.329e-05,632244.9,14.8182479,3652
1676332800000,2023-02-14,1INCHBTC,2.438e-05,2.466e-05,2.402e-05,2.431e-05,200814.4,4.89688185,3700
1676246400000,2023-02-13,1INCHBTC,2.441e-05,2.486e-05,2.379e-05,2.432e-05,245506.0,5.9758279,2837
1676160000000,2023-02-12,1INCHBTC,2.472e-05,2.49e-05,2.41e-05,2.447e-05,242376.6,5.96412136,3079
1676073600000,2023-02-11,1INCHBTC,2.458e-05,2.479e-05,2.431e-05,2.472e-05,62696.9,1.53772573,1013
1675987200000,2023-02-10,1INCHBTC,2.413e-05,2.488e-05,2.395e-05,2.458e-05,202911.8,4.94745139,1777
1675900800000,2023-02-09,1INCHBTC,2.463e-05,2.5e-05,2.361e-05,2.418e-05,567642.5,13.76908674,4446
1675814400000,2023-02-08,1INCHBTC,2.524e-05,2.549e-05,2.406e-05,2.461e-05,391087.1,9.72223885,2090
1675728000000,2023-02-07,1INCHBTC,2.437e-05,2.539e-05,2.394e-05,2.521e-05,470927.4,11.62608319,3956
1675641600000,2023-02-06,1INCHBTC,2.444e-05,2.595e-05,2.432e-05,2.436e-05,351186.1,8.76340314,3257
1675555200000,2023-02-05,1INCHBTC,2.496e-05,2.662e-05,2.324e-05,2.443e-05,938738.3,23.87053239,6293
1675468800000,2023-02-04,1INCHBTC,2.416e-05,2.576e-05,2.365e-05,2.491e-05,580699.4,14.4121246,4488
1675382400000,2023-02-03,1INCHBTC,2.298e-05,2.422e-05,2.284e-05,2.414e-05,463200.1,10.91184626,3300
1675296000000,2023-02-02,1INCHBTC,2.232e-05,2.4e-05,2.202e-05,2.303e-05,594475.0,13.64993692,3682
1675209600000,2023-02-01,1INCHBTC,2.224e-05,2.237e-05,2.15e-05,2.23e-05,434977.6,9.57672825,1902
1675123200000,2023-01-31,1INCHBTC,2.227e-05,2.24e-05,2.207e-05,2.221e-05,140029.5,3.11392271,842
1675036800000,2023-01-30,1INCHBTC,2.283e-05,2.289e-05,2.161e-05,2.227e-05,277461.8,6.14434681,2343
1674950400000,2023-01-29,1INCHBTC,2.295e-05,2.307e-05,2.241e-05,2.282e-05,248124.6,5.64385509,1683
1674864000000,2023-01-28,1INCHBTC,2.327e-05,2.376e-05,2.255e-05,2.298e-05,247858.1,5.74560542,1958
1674777600000,2023-01-27,1INCHBTC,2.293e-05,2.328e-05,2.218e-05,2.328e-05,291766.6,6.61754709,3007
1674691200000,2023-01-26,1INCHBTC,2.318e-05,2.367e-05,2.245e-05,2.292e-05,289536.0,6.62667461,2652
1674604800000,2023-01-25,1INCHBTC,2.269e-05,2.565e-05,2.211e-05,2.307e-05,855976.1,20.07379876,8686
1674518400000,2023-01-24,1INCHBTC,2.331e-05,2.371e-05,2.211e-05,2.272e-05,289949.8,6.71228059,2020
1674432000000,2023-01-23,1INCHBTC,2.266e-05,2.415e-05,2.266e-05,2.336e-05,458097.0,10.71473784,4588
1674345600000,2023-01-22,1INCHBTC,2.201e-05,2.375e-05,2.185e-05,2.259e-05,383539.5,8.72452711,3495
1674259200000,2023-01-21,1INCHBTC,2.178e-05,2.27e-05,2.144e-05,2.201e-05,399611.7,8.8137015,3028
1674172800000,2023-01-20,1INCHBTC,2.199e-05,2.204e-05,2.127e-05,2.181e-05,235896.7,5.11312044,1235
1674086400000,2023-01-19,1INCHBTC,2.154e-05,2.292e-05,2.154e-05,2.197e-05,684241.3,15.10271029,4117
1674000000000,2023-01-18,1INCHBTC,2.27e-05,2.29e-05,2.124e-05,2.164e-05,416003.5,9.15601471,2266
1673913600000,2023-01-17,1INCHBTC,2.296e-05,2.328e-05,2.252e-05,2.268e-05,250997.4,5.73684104,1550
1673827200000,2023-01-16,1INCHBTC,2.394e-05,2.443e-05,2.273e-05,2.304e-05,464170.4,10.88664427,3721
1673740800000,2023-01-15,1INCHBTC,2.299e-05,2.412e-05,2.279e-05,2.393e-05,578071.0,13.57448698,2951
1673654400000,2023-01-14,1INCHBTC,2.338e-05,2.397e-05,2.206e-05,2.294e-05,1009788.0,23.226669,4326
1673568000000,2023-01-13,1INCHBTC,2.396e-05,2.413e-05,2.308e-05,2.335e-05,252688.4,5.98234095,1490
1673481600000,2023-01-12,1INCHBTC,2.429e-05,2.466e-05,2.363e-05,2.396e-05,365022.4,8.82792428,2331
1673395200000,2023-01-11,1INCHBTC,2.479e-05,2.482e-05,2.386e-05,2.43e-05,124202.1,3.009663,1168
1673308800000,2023-01-10,1INCHBTC,2.454e-05,2.531e-05,2.426e-05,2.478e-05,303129.0,7.5632729,2287
1673222400000,2023-01-09,1INCHBTC,2.39e-05,2.503e-05,2.373e-05,2.455e-05,223088.2,5.46042706,3678
1673136000000,2023-01-08,1INCHBTC,2.348e-05,2.42e-05,2.324e-05,2.388e-05,94801.9,2.25276449,3454
1673049600000,2023-01-07,1INCHBTC,2.339e-05,2.359e-05,2.329e-05,2.347e-05,64017.7,1.50110445,1203
1672963200000,2023-01-06,1INCHBTC,2.309e-05,2.348e-05,2.271e-05,2.336e-05,149290.2,3.42946806,910
1672876800000,2023-01-05,1INCHBTC,2.353e-05,2.393e-05,2.3e-05,2.311e-05,291391.9,6.8233496,2762
1672790400000,2023-01-04,1INCHBTC,2.318e-05,2.385e-05,2.304e-05,2.348e-05,93468.4,2.19467948,700
1672704000000,2023-01-03,1INCHBTC,2.371e-05,2.388e-05,2.299e-05,2.318e-05,95456.1,2.2330848,549
1672617600000,2023-01-02,1INCHBTC,2.328e-05,2.382e-05,2.289e-05,2.369e-05,224436.4,5.18880859,831
1672531200000,2023-01-01,1INCHBTC,2.321e-05,2.33e-05,2.3e-05,2.322e-05,37513.5,0.86659407,212
1672444800000,2022-12-31,1INCHBTC,2.269e-05,2.358e-05,2.254e-05,2.32e-05,86905.5,2.0220753,550
1672358400000,2022-12-30,1INCHBTC,2.29e-05,2.322e-05,2.252e-05,2.27e-05,73167.3,1.66962146,499
1672272000000,2022-12-29,1INCHBTC,2.326e-05,2.331e-05,2.258e-05,2.287e-05,135363.3,3.10517672,677
1672185600000,2022-12-28,1INCHBTC,2.397e-05,2.404e-05,2.306e-05,2.318e-05,129967.4,3.0352556,848
1672099200000,2022-12-27,1INCHBTC,2.401e-05,2.454e-05,2.358e-05,2.396e-05,171711.6,4.11537233,868
1672012800000,2022-12-26,1INCHBTC,2.369e-05,2.417e-05,2.357e-05,2.401e-05,58506.5,1.39588381,449
1671926400000,2022-12-25,1INCHBTC,2.38e-05,2.387e-05,2.328e-05,2.366e-05,61673.2,1.45396791,420
1671840000000,2022-12-24,1INCHBTC,2.365e-05,2.396e-05,2.365e-05,2.371e-05,54814.5,1.30515855,291
1671753600000,2022-12-23,1INCHBTC,2.365e-05,2.372e-05,2.328e-05,2.371e-05,63902.7,1.49768139,405
1671667200000,2022-12-22,1INCHBTC,2.363e-05,2.386e-05,2.334e-05,2.359e-05,50947.2,1.20353208,380
1671580800000,2022-12-21,1INCHBTC,2.394e-05,2.403e-05,2.348e-05,2.371e-05,55314.5,1.31129682,458
1671494400000,2022-12-20,1INCHBTC,2.32e-05,2.402e-05,2.312e-05,2.391e-05,96909.2,2.29191017,820
1671408000000,2022-12-19,1INCHBTC,2.334e-05,2.403e-05,2.303e-05,2.32e-05,176490.4,4.1549407,1183
1671321600000,2022-12-18,1INCHBTC,2.311e-05,2.358e-05,2.293e-05,2.334e-05,58080.0,1.34909846,514
1671235200000,2022-12-17,1INCHBTC,2.311e-05,2.344e-05,2.26e-05,2.325e-05,299608.6,6.88867684,1064
1671148800000,2022-12-16,1INCHBTC,2.438e-05,2.467e-05,2.185e-05,2.313e-05,573823.5,13.36602597,2637
1671062400000,2022-12-15,1INCHBTC,2.423e-05,2.469e-05,2.402e-05,2.443e-05,116899.9,2.85245223,641
1670976000000,2022-12-14,1INCHBTC,2.488e-05,2.498e-05,2.389e-05,2.421e-05,187717.7,4.57354899,936
1670889600000,2022-12-13,1INCHBTC,2.51e-05,2.513e-05,2.438e-05,2.475e-05,281033.9,6.93377317,1366
1670803200000,2022-12-12,1INCHBTC,2.544e-05,2.55e-05,2.446e-05,2.507e-05,272978.3,6.80624712,2450
1670716800000,2022-12-11,1INCHBTC,2.594e-05,2.629e-05,2.534e-05,2.551e-05,172726.5,4.48360142,897
1670630400000,2022-12-10,1INCHBTC,2.573e-05,2.602e-05,2.565e-05,2.593e-05,189188.3,4.88841191,682
1670544000000,2022-12-09,1INCHBTC,2.601e-05,2.614e-05,2.543e-05,2.576e-05,307173.1,7.93889263,1115
1670457600000,2022-12-08,1INCHBTC,2.635e-05,2.635e-05,2.546e-05,2.599e-05,510826.9,13.24662723,1669
1670371200000,2022-12-07,1INCHBTC,2.78e-05,2.784e-05,2.558e-05,2.638e-05,728723.2,19.40846122,3549
1670284800000,2022-12-06,1INCHBTC,2.847e-05,2.872e-05,2.756e-05,2.781e-05,483645.2,13.5424101,3164
1670198400000,2022-12-05,1INCHBTC,2.907e-05,2.909e-05,2.837e-05,2.853e-05,759208.3,21.81363151,2751
1670112000000,2022-12-04,1INCHBTC,2.883e-05,2.923e-05,2.88e-05,2.903e-05,297962.8,8.64155606,1046
1670025600000,2022-12-03,1INCHBTC,2.948e-05,3.489e-05,2.855e-05,2.887e-05,2445347.1,75.29421709,6231
1669939200000,2022-12-02,1INCHBTC,3.003e-05,3.013e-05,2.91e-05,2.948e-05,923332.8,27.29168223,3015
1669852800000,2022-12-01,1INCHBTC,3.072e-05,3.073e-05,2.987e-05,3.006e-05,337163.1,10.16793156,1375
1669766400000,2022-11-30,1INCHBTC,3.151e-05,3.183e-05,3.048e-05,3.062e-05,324747.2,10.03326138,1640
1669680000000,2022-11-29,1INCHBTC,3.178e-05,3.191e-05,3.132e-05,3.156e-05,207274.3,6.54185168,1012
1669593600000,2022-11-28,1INCHBTC,3.159e-05,3.281e-05,3.109e-05,3.187e-05,369568.7,11.75504672,2427
1669507200000,2022-11-27,1INCHBTC,3.154e-05,3.385e-05,3.136e-05,3.16e-05,859011.7,27.95818692,5865
1669420800000,2022-11-26,1INCHBTC,3.127e-05,3.178e-05,3.111e-05,3.152e-05,296800.8,9.34870085,1484
1669334400000,2022-11-25,1INCHBTC,3.173e-05,3.18e-05,3.104e-05,3.13e-05,179919.1,5.63910435,2573
1669248000000,2022-11-24,1INCHBTC,3.283e-05,3.295e-05,3.154e-05,3.175e-05,125231.5,4.01850606,1529
1669161600000,2022-11-23,1INCHBTC,3.31e-05,3.314e-05,3.212e-05,3.283e-05,253167.2,8.25671991,2255
1669075200000,2022-11-22,1INCHBTC,3.181e-05,3.66e-05,3.167e-05,3.309e-05,726921.6,24.03111986,3925
1668988800000,2022-11-21,1INCHBTC,3.095e-05,3.219e-05,3.074e-05,3.184e-05,300901.7,9.4266915,2160
1668902400000,2022-11-20,1INCHBTC,3.219e-05,3.243e-05,3.081e-05,3.096e-05,186566.7,5.90352035,1328
1668816000000,2022-11-19,1INCHBTC,3.163e-05,3.292e-05,3.128e-05,3.211e-05,280752.5,9.01246802,1438
1668729600000,2022-11-18,1INCHBTC,3.089e-05,3.211e-05,3.076e-05,3.164e-05,281644.6,8.88407371,2149
1668643200000,2022-11-17,1INCHBTC,3.136e-05,3.159e-05,3.065e-05,3.086e-05,5926948.0,184.90097342,14573
1668556800000,2022-11-16,1INCHBTC,3.144e-05,3.204e-05,3.126e-05,3.14e-05,240827.8,7.64103313,2143
1668470400000,2022-11-15,1INCHBTC,3.101e-05,3.193e-05,3.058e-05,3.14e-05,297733.0,9.31270355,2425
1668384000000,2022-11-14,1INCHBTC,3.19e-05,3.2e-05,2.944e-05,3.101e-05,640879.1,19.55315705,4708
1668297600000,2022-11-13,1INCHBTC,3.018e-05,3.215e-05,2.98e-05,3.191e-05,893477.7,27.26203393,10205
1668211200000,2022-11-12,1INCHBTC,3.273e-05,3.288e-05,2.95e-05,3.024e-05,839696.8,25.5054039,9573
1668124800000,2022-11-11,1INCHBTC,3.237e-05,3.302e-05,3.174e-05,3.277e-05,450581.7,14.64670291,3330
1668038400000,2022-11-10,1INCHBTC,3.317e-05,3.317e-05,3.134e-05,3.231e-05,867623.5,28.05737914,5987
1667952000000,2022-11-09,1INCHBTC,2.997e-05,3.331e-05,2.941e-05,3.326e-05,1312903.0,40.98864103,9795
1667865600000,2022-11-08,1INCHBTC,3.084e-05,3.155e-05,2.939e-05,2.99e-05,1424834.5,43.06996722,10238
1667779200000,2022-11-07,1INCHBTC,3.029e-05,3.19e-05,3.006e-05,3.086e-05,503500.7,15.5928213,4312
1667692800000,2022-11-06,1INCHBTC,3.037e-05,3.173e-05,3.01e-05,3.035e-05,424118.9,13.13553531,4366
1667606400000,2022-11-05,1INCHBTC,3.087e-05,3.112e-05,2.976e-05,3.029e-05,246479.9,7.52859481,2910
1667520000000,2022-11-04,1INCHBTC,3.006e-05,3.134e-05,2.997e-05,3.087e-05,419333.6,12.87299586,3447
1667433600000,2022-11-03,1INCHBTC,2.924e-05,3.044e-05,2.924e-05,3.012e-05,425570.0,12.74245003,4537
1667347200000,2022-11-02,1INCHBTC,2.963e-05,2.981e-05,2.866e-05,2.927e-05,276025.4,8.05812617,3102
1667260800000,2022-11-01,1INCHBTC,2.986e-05,3.042e-05,2.963e-05,2.963e-05,115941.8,3.48013295,1121
1667174400000,2022-10-31,1INCHBTC,2.973e-05,3.114e-05,2.952e-05,2.985e-05,379133.8,11.51550703,3843
1667088000000,2022-10-30,1INCHBTC,3.003e-05,3.037e-05,2.916e-05,2.975e-05,213076.9,6.33774762,2554
1667001600000,2022-10-29,1INCHBTC,2.986e-05,3.042e-05,2.945e-05,3.004e-05,187283.9,5.59789169,2565
1666915200000,2022-10-28,1INCHBTC,2.93e-05,3.023e-05,2.901e-05,2.981e-05,260180.2,7.75634476,3317
1666828800000,2022-10-27,1INCHBTC,2.938e-05,2.99e-05,2.905e-05,2.933e-05,217467.0,6.40465679,2226
1666742400000,2022-10-26,1INCHBTC,2.9e-05,2.994e-05,2.877e-05,2.94e-05,563261.9,16.49984113,3550
1666656000000,2022-10-25,1INCHBTC,2.93e-05,2.971e-05,2.877e-05,2.902e-05,230019.2,6.7372269,1724
1666569600000,2022-10-24,1INCHBTC,2.963e-05,2.978e-05,2.918e-05,2.93e-05,200804.6,5.9008426,1450
1666483200000,2022-10-23,1INCHBTC,2.973e-05,2.991e-05,2.925e-05,2.96e-05,87736.0,2.59727861,1219
1666396800000,2022-10-22,1INCHBTC,2.968e-05,2.979e-05,2.914e-05,2.975e-05,116300.7,3.43734459,929
1666310400000,2022-10-21,1INCHBTC,2.949e-05,2.975e-05,2.886e-05,2.969e-05,499186.7,14.63021996,2766
1666224000000,2022-10-20,1INCHBTC,2.957e-05,3.017e-05,2.922e-05,2.956e-05,313350.9,9.28720673,2624
1666137600000,2022-10-19,1INCHBTC,2.958e-05,3.041e-05,2.912e-05,2.96e-05,337877.2,10.02770313,2636
1666051200000,2022-10-18,1INCHBTC,2.948e-05,2.987e-05,2.881e-05,2.954e-05,289475.0,8.48301493,2130
1665964800000,2022-10-17,1INCHBTC,2.956e-05,2.962e-05,2.921e-05,2.947e-05,95768.8,2.81717562,794
1665878400000,2022-10-16,1INCHBTC,2.945e-05,2.982e-05,2.925e-05,2.96e-05,86921.2,2.56274655,1063
1665792000000,2022-10-15,1INCHBTC,2.92e-05,2.969e-05,2.912e-05,2.948e-05,224840.0,6.61109651,1476
1665705600000,2022-10-14,1INCHBTC,2.905e-05,2.929e-05,2.881e-05,2.924e-05,377761.2,10.98667469,2368
1665619200000,2022-10-13,1INCHBTC,2.974e-05,3.025e-05,2.864e-05,2.905e-05,685859.3,20.00627759,4597
1665532800000,2022-10-12,1INCHBTC,2.952e-05,2.992e-05,2.946e-05,2.976e-05,160055.6,4.75206833,1497
1665446400000,2022-10-11,1INCHBTC,3.009e-05,3.01e-05,2.939e-05,2.948e-05,341528.3,10.12342875,2451
1665360000000,2022-10-10,1INCHBTC,3.126e-05,3.181e-05,3.005e-05,3.007e-05,404569.3,12.46899193,3212
1665273600000,2022-10-09,1INCHBTC,3.091e-05,3.152e-05,3.071e-05,3.125e-05,173990.1,5.40659206,1666
1665187200000,2022-10-08,1INCHBTC,3.145e-05,3.192e-05,3.048e-05,3.091e-05,651964.2,20.20382761,4297
1665100800000,2022-10-07,1INCHBTC,2.881e-05,3.35e-05,2.875e-05,3.146e-05,2159204.1,68.60118645,16081
1665014400000,2022-10-06,1INCHBTC,2.902e-05,2.915e-05,2.869e-05,2.88e-05,177141.1,5.13668922,1584
1664928000000,2022-10-05,1INCHBTC,2.879e-05,2.916e-05,2.851e-05,2.901e-05,158807.9,4.57493495,1362
1664841600000,2022-10-04,1INCHBTC,2.918e-05,2.933e-05,2.875e-05,2.879e-05,109328.4,3.17115232,1278
1664755200000,2022-10-03,1INCHBTC,2.904e-05,2.955e-05,2.863e-05,2.918e-05,195621.3,5.7139232,1824
1664668800000,2022-10-02,1INCHBTC,2.976e-05,2.996e-05,2.903e-05,2.904e-05,163646.9,4.83551365,1675
1664582400000,2022-10-01,1INCHBTC,2.967e-05,3.005e-05,2.963e-05,2.975e-05,66635.8,1.98872486,962
1664496000000,2022-09-30,1INCHBTC,2.982e-05,3.025e-05,2.908e-05,2.968e-05,297402.3,8.86308455,2650
1664409600000,2022-09-29,1INCHBTC,3.018e-05,3.055e-05,2.966e-05,2.984e-05,287929.5,8.66330477,2118
1664323200000,2022-09-28,1INCHBTC,3.186e-05,3.189e-05,2.97e-05,3.019e-05,558347.7,17.04568441,4396
1664236800000,2022-09-27,1INCHBTC,3.251e-05,3.274e-05,3.12e-05,3.183e-05,485701.7,15.46683859,6585
1664150400000,2022-09-26,1INCHBTC,3.191e-05,3.34e-05,3.18e-05,3.252e-05,528074.5,17.18697029,4904
1664064000000,2022-09-25,1INCHBTC,3.202e-05,3.287e-05,3.155e-05,3.201e-05,285763.2,9.26070508,2290
1663977600000,2022-09-24,1INCHBTC,3.153e-05,3.288e-05,3.153e-05,3.202e-05,124597.5,4.00777427,1360
1663891200000,2022-09-23,1INCHBTC,3.053e-05,3.213e-05,3.053e-05,3.146e-05,342786.5,10.80762537,3857
1663804800000,2022-09-22,1INCHBTC,3.044e-05,3.09e-05,3.014e-05,3.052e-05,214777.7,6.5543555,2141
1663718400000,2022-09-21,1INCHBTC,3.178e-05,3.199e-05,2.96e-05,3.044e-05,375517.7,11.53790471,3403
1663632000000,2022-09-20,1INCHBTC,3.045e-05,3.191e-05,3.027e-05,3.176e-05,365293.0,11.40596432,2651
1663545600000,2022-09-19,1INCHBTC,2.94e-05,3.2e-05,2.928e-05,3.05e-05,598042.5,18.26067929,3632
1663459200000,2022-09-18,1INCHBTC,3.124e-05,3.184e-05,2.708e-05,2.942e-05,846892.9,25.92474699,4486
1663372800000,2022-09-17,1INCHBTC,3.117e-05,3.135e-05,3.063e-05,3.125e-05,159865.6,4.95437205,1274
1663286400000,2022-09-16,1INCHBTC,3e-05,3.164e-05,2.966e-05,3.118e-05,523276.5,16.23941908,2912
1663200000000,2022-09-15,1INCHBTC,3.027e-05,3.051e-05,2.957e-05,3e-05,142862.7,4.30211878,2187
1663113600000,2022-09-14,1INCHBTC,2.942e-05,3.088e-05,2.934e-05,3.032e-05,285082.1,8.58996304,2343
1663027200000,2022-09-13,1INCHBTC,2.89e-05,2.99e-05,2.835e-05,2.945e-05,406851.4,11.79620927,3660
1662940800000,2022-09-12,1INCHBTC,2.981e-05,3.033e-05,2.878e-05,2.891e-05,360203.6,10.65404826,3354
1662854400000,2022-09-11,1INCHBTC,3.037e-05,3.116e-05,2.953e-05,2.973e-05,299749.0,9.11933653,2467
1662768000000,2022-09-10,1INCHBTC,3.081e-05,3.195e-05,3.018e-05,3.034e-05,376482.6,11.65419678,2716
1662681600000,2022-09-09,1INCHBTC,3.305e-05,3.335e-05,3.025e-05,3.079e-05,566725.2,17.92208105,3998
1662595200000,2022-09-08,1INCHBTC,3.274e-05,3.323e-05,3.219e-05,3.302e-05,297192.7,9.74149812,2420
1662508800000,2022-09-07,1INCHBTC,3.232e-05,3.3e-05,3.187e-05,3.271e-05,343719.0,11.19177664,2428
1662422400000,2022-09-06,1INCHBTC,3.35e-05,3.377e-05,3.132e-05,3.236e-05,586780.9,19.26301329,4200
1662336000000,2022-09-05,1INCHBTC,3.364e-05,3.4e-05,3.293e-05,3.341e-05,371649.9,12.4040338,2176
1662249600000,2022-09-04,1INCHBTC,3.473e-05,3.497e-05,3.34e-05,3.365e-05,379695.8,12.87608506,2681
1662163200000,2022-09-03,1INCHBTC,3.569e-05,3.574e-05,3.424e-05,3.468e-05,279214.6,9.6757578,1715
1662076800000,2022-09-02,1INCHBTC,3.323e-05,3.677e-05,3.322e-05,3.571e-05,1389951.5,49.44317698,7855
1661990400000,2022-09-01,1INCHBTC,3.304e-05,3.365e-05,3.231e-05,3.318e-05,394069.5,12.9271266,2344
1661904000000,2022-08-31,1INCHBTC,3.299e-05,3.493e-05,3.29e-05,3.31e-05,569712.1,19.33892338,3288
1661817600000,2022-08-30,1INCHBTC,3.309e-05,3.346e-05,3.239e-05,3.301e-05,216324.4,7.16053982,1464
1661731200000,2022-08-29,1INCHBTC,3.228e-05,3.324e-05,3.198e-05,3.309e-05,150258.2,4.90364494,1863
1661644800000,2022-08-28,1INCHBTC,3.256e-05,3.324e-05,3.214e-05,3.22e-05,115389.3,3.77829257,1611
1661558400000,2022-08-27,1INCHBTC,3.264e-05,3.287e-05,3.231e-05,3.255e-05,323689.8,10.54469556,1607
1661472000000,2022-08-26,1INCHBTC,3.45e-05,3.467e-05,3.231e-05,3.26e-05,414624.7,13.87025204,2995
1661385600000,2022-08-25,1INCHBTC,3.377e-05,3.482e-05,3.377e-05,3.449e-05,187070.8,6.41560224,2061
1661299200000,2022-08-24,1INCHBTC,3.371e-05,3.41e-05,3.338e-05,3.377e-05,248411.4,8.39620664,2434
1661212800000,2022-08-23,1INCHBTC,3.273e-05,3.383e-05,3.262e-05,3.364e-05,363456.0,12.12346309,3634
1661126400000,2022-08-22,1INCHBTC,3.255e-05,3.275e-05,3.121e-05,3.272e-05,134027.2,4.26428791,1298
1661040000000,2022-08-21,1INCHBTC,3.196e-05,3.318e-05,3.186e-05,3.255e-05,197483.7,6.41855734,1959
1660953600000,2022-08-20,1INCHBTC,3.257e-05,3.292e-05,3.132e-05,3.197e-05,166185.8,5.37197033,2913
1660867200000,2022-08-19,1INCHBTC,3.16e-05,3.266e-05,3.045e-05,3.266e-05,299474.9,9.42506039,5169
1660780800000,2022-08-18,1INCHBTC,3.315e-05,3.345e-05,3.108e-05,3.158e-05,194097.6,6.32598975,4012
1660694400000,2022-08-17,1INCHBTC,3.427e-05,3.5e-05,3.282e-05,3.309e-05,174834.1,5.89661982,4012
1660608000000,2022-08-16,1INCHBTC,3.405e-05,3.46e-05,3.374e-05,3.422e-05,165602.8,5.66393855,3551
1660521600000,2022-08-15,1INCHBTC,3.451e-05,3.474e-05,3.347e-05,3.4e-05,347942.9,11.88642831,3818
1660435200000,2022-08-14,1INCHBTC,3.576e-05,3.626e-05,3.406e-05,3.458e-05,309323.2,10.81206508,3986
1660348800000,2022-08-13,1INCHBTC,3.61e-05,3.713e-05,3.554e-05,3.569e-05,209054.8,7.56095456,4539
1660262400000,2022-08-12,1INCHBTC,3.615e-05,3.742e-05,3.572e-05,3.606e-05,348567.7,12.69303265,4077
1660176000000,2022-08-11,1INCHBTC,3.682e-05,3.69e-05,3.541e-05,3.61e-05,235707.2,8.45691534,3672
1660089600000,2022-08-10,1INCHBTC,3.487e-05,3.792e-05,3.433e-05,3.676e-05,472149.0,17.01857147,5701
1660003200000,2022-08-09,1INCHBTC,3.519e-05,3.685e-05,3.441e-05,3.494e-05,343372.9,12.2372161,5524
1659916800000,2022-08-08,1INCHBTC,3.478e-05,3.596e-05,3.47e-05,3.507e-05,250053.7,8.84074036,4058
1659830400000,2022-08-07,1INCHBTC,3.518e-05,3.579e-05,3.475e-05,3.482e-05,125312.3,4.41070854,2873
1659744000000,2022-08-06,1INCHBTC,3.567e-05,3.643e-05,3.49e-05,3.515e-05,171926.4,6.12563795,2549
1659657600000,2022-08-05,1INCHBTC,3.536e-05,3.763e-05,3.529e-05,3.574e-05,363888.5,13.14720267,4579
1659571200000,2022-08-04,1INCHBTC,3.361e-05,3.614e-05,3.351e-05,3.529e-05,402947.2,14.08840346,4697
1659484800000,2022-08-03,1INCHBTC,3.234e-05,3.485e-05,3.184e-05,3.357e-05,340768.4,11.52579951,4833
1659398400000,2022-08-02,1INCHBTC,3.309e-05,3.344e-05,3.143e-05,3.229e-05,356023.4,11.43501567,5515
1659312000000,2022-08-01,1INCHBTC,3.264e-05,3.401e-05,3.235e-05,3.31e-05,365932.8,12.13314022,5073
1659225600000,2022-07-31,1INCHBTC,3.24e-05,3.48e-05,3.227e-05,3.262e-05,435062.6,14.49220929,6277
1659139200000,2022-07-30,1INCHBTC,3.198e-05,3.422e-05,3.19e-05,3.24e-05,482404.0,15.85353427,6627
1659052800000,2022-07-29,1INCHBTC,3.248e-05,3.274e-05,3.124e-05,3.203e-05,445444.8,14.33660907,4776
1658966400000,2022-07-28,1INCHBTC,3.025e-05,3.357e-05,3.003e-05,3.244e-05,1236735.7,39.63525872,7145
1658880000000,2022-07-27,1INCHBTC,2.995e-05,3.052e-05,2.938e-05,3.025e-05,184285.3,5.50145222,2994
1658793600000,2022-07-26,1INCHBTC,2.927e-05,2.994e-05,2.883e-05,2.993e-05,191407.4,5.59564836,2204
1658707200000,2022-07-25,1INCHBTC,2.994e-05,3e-05,2.908e-05,2.924e-05,285050.4,8.43010973,1992
1658620800000,2022-07-24,1INCHBTC,3.031e-05,3.077e-05,2.976e-05,2.99e-05,247052.0,7.47360495,1527
1658534400000,2022-07-23,1INCHBTC,2.917e-05,3.07e-05,2.91e-05,3.031e-05,298999.0,9.00991908,2315
1658448000000,2022-07-22,1INCHBTC,2.98e-05,3.064e-05,2.894e-05,2.918e-05,255224.2,7.60930481,2106
1658361600000,2022-07-21,1INCHBTC,2.911e-05,3.001e-05,2.852e-05,2.972e-05,260591.3,7.60805848,2025
1658275200000,2022-07-20,1INCHBTC,3.147e-05,3.186e-05,2.879e-05,2.905e-05,594971.2,17.97372537,4318
1658188800000,2022-07-19,1INCHBTC,3.2e-05,3.433e-05,3.112e-05,3.138e-05,599245.7,19.58595066,5605
1658102400000,2022-07-18,1INCHBTC,3.104e-05,3.327e-05,3.069e-05,3.184e-05,640602.2,20.54275204,6739
1658016000000,2022-07-17,1INCHBTC,3.147e-05,3.185e-05,3.008e-05,3.102e-05,363290.3,11.24375162,3631
1657929600000,2022-07-16,1INCHBTC,3.136e-05,3.183e-05,3.057e-05,3.144e-05,313663.0,9.76509092,4083
1657843200000,2022-07-15,1INCHBTC,2.994e-05,3.322e-05,2.952e-05,3.135e-05,999244.3,31.50102861,7422
1657756800000,2022-07-14,1INCHBTC,2.94e-05,3.031e-05,2.879e-05,2.99e-05,240704.9,7.13890721,3023
1657670400000,2022-07-13,1INCHBTC,2.897e-05,2.98e-05,2.851e-05,2.94e-05,161479.7,4.72042168,2028
1657584000000,2022-07-12,1INCHBTC,2.962e-05,2.997e-05,2.88e-05,2.894e-05,327439.9,9.59576394,2441
1657497600000,2022-07-11,1INCHBTC,3.067e-05,3.122e-05,2.948e-05,2.961e-05,150887.2,4.5962328,1851
1657411200000,2022-07-10,1INCHBTC,3.228e-05,3.288e-05,3.052e-05,3.062e-05,220339.8,6.92221742,1850
1657324800000,2022-07-09,1INCHBTC,3.185e-05,3.295e-05,3.122e-05,3.225e-05,227270.9,7.21838255,1897
1657238400000,2022-07-08,1INCHBTC,2.973e-05,3.3e-05,2.95e-05,3.185e-05,688527.5,21.79614505,4246
1657152000000,2022-07-07,1INCHBTC,3.042e-05,3.13e-05,2.954e-05,2.978e-05,211674.5,6.41242028,2745
1657065600000,2022-07-06,1INCHBTC,3.081e-05,3.141e-05,3.041e-05,3.043e-05,194371.3,5.98315701,3264
1656979200000,2022-07-05,1INCHBTC,3.143e-05,3.221e-05,3.05e-05,3.086e-05,400458.8,12.59295736,4876
1656892800000,2022-07-04,1INCHBTC,3.251e-05,3.264e-05,3.132e-05,3.151e-05,222023.0,7.05458736,4000
1656806400000,2022-07-03,1INCHBTC,3.306e-05,3.309e-05,3.209e-05,3.245e-05,139348.9,4.53962236,3273
1656720000000,2022-07-02,1INCHBTC,3.393e-05,3.416e-05,3.243e-05,3.303e-05,292847.5,9.66474316,3645
1656633600000,2022-07-01,1INCHBTC,3.483e-05,3.521e-05,3.337e-05,3.392e-05,335379.8,11.46344209,4414
1656547200000,2022-06-30,1INCHBTC,3.529e-05,3.737e-05,3.457e-05,3.485e-05,510667.3,18.37547519,5570
1656460800000,2022-06-29,1INCHBTC,3.651e-05,3.857e-05,3.473e-05,3.522e-05,571740.1,20.94604461,6017
1656374400000,2022-06-28,1INCHBTC,3.247e-05,3.869e-05,3.117e-05,3.663e-05,2098841.6,76.01719878,12135
1656288000000,2022-06-27,1INCHBTC,3.292e-05,3.379e-05,3.115e-05,3.246e-05,465464.7,15.22904038,4315
1656201600000,2022-06-26,1INCHBTC,3.399e-05,3.676e-05,3.28e-05,3.286e-05,913561.5,32.16824241,5014
1656115200000,2022-06-25,1INCHBTC,3.549e-05,3.578e-05,3.315e-05,3.389e-05,770771.5,26.65559218,4292
1656028800000,2022-06-24,1INCHBTC,3.391e-05,3.671e-05,3.324e-05,3.551e-05,1017027.8,35.4677081,7615
1655942400000,2022-06-23,1INCHBTC,3.449e-05,3.474e-05,3.3e-05,3.377e-05,386421.7,13.06201312,4065
1655856000000,2022-06-22,1INCHBTC,3.331e-05,3.627e-05,3.22e-05,3.443e-05,1314043.8,44.69816211,8078
1655769600000,2022-06-21,1INCHBTC,3.34e-05,3.58e-05,3.208e-05,3.332e-05,1366890.4,45.93418295,7730
1655683200000,2022-06-20,1INCHBTC,2.823e-05,3.551e-05,2.81e-05,3.334e-05,1313097.1,43.03993236,7275
1655596800000,2022-06-19,1INCHBTC,2.909e-05,2.971e-05,2.786e-05,2.818e-05,269599.2,7.7586996,2254
1655510400000,2022-06-18,1INCHBTC,2.886e-05,2.947e-05,2.818e-05,2.906e-05,431403.2,12.43268674,2613
1655424000000,2022-06-17,1INCHBTC,2.829e-05,2.898e-05,2.802e-05,2.884e-05,266577.7,7.5981944,1854
1655337600000,2022-06-16,1INCHBTC,2.796e-05,2.908e-05,2.76e-05,2.822e-05,656290.1,18.70928686,2766
1655251200000,2022-06-15,1INCHBTC,2.676e-05,2.807e-05,2.616e-05,2.79e-05,1130428.2,30.42642782,5058
1655164800000,2022-06-14,1INCHBTC,2.67e-05,2.73e-05,2.575e-05,2.678e-05,922941.4,24.43734853,3773
1655078400000,2022-06-13,1INCHBTC,2.449e-05,2.67e-05,2.352e-05,2.668e-05,1286115.8,31.70152901,5224
1654992000000,2022-06-12,1INCHBTC,2.45e-05,2.524e-05,2.384e-05,2.448e-05,618481.3,15.10034469,2386
1654905600000,2022-06-11,1INCHBTC,2.608e-05,2.631e-05,2.443e-05,2.447e-05,394426.6,9.91353356,1974
1654819200000,2022-06-10,1INCHBTC,2.664e-05,2.669e-05,2.56e-05,2.605e-05,437763.6,11.47738803,2147
1654732800000,2022-06-09,1INCHBTC,2.703e-05,2.709e-05,2.654e-05,2.662e-05,327502.7,8.77457859,1384
1654646400000,2022-06-08,1INCHBTC,2.718e-05,2.789e-05,2.683e-05,2.706e-05,502195.1,13.69113553,2075
1654560000000,2022-06-07,1INCHBTC,2.786e-05,2.875e-05,2.702e-05,2.719e-05,899296.5,24.95800676,3443
1654473600000,2022-06-06,1INCHBTC,2.869e-05,2.876e-05,2.745e-05,2.789e-05,415976.1,11.68030803,2353
1654387200000,2022-06-05,1INCHBTC,2.907e-05,2.913e-05,2.86e-05,2.866e-05,156874.8,4.52014937,1190
1654300800000,2022-06-04,1INCHBTC,2.942e-05,2.964e-05,2.88e-05,2.91e-05,403009.5,11.72997353,2686
1654214400000,2022-06-03,1INCHBTC,3.062e-05,3.062e-05,2.913e-05,2.939e-05,667122.2,19.78883449,4479
1654128000000,2022-06-02,1INCHBTC,3.2e-05,3.2e-05,2.981e-05,3.063e-05,961175.8,29.47559118,5566
1654041600000,2022-06-01,1INCHBTC,3.043e-05,3.228e-05,3.006e-05,3.193e-05,825196.8,25.6543663,6376
1653955200000,2022-05-31,1INCHBTC,3.168e-05,3.201e-05,3.027e-05,3.049e-05,716808.6,22.18201881,6265
1653868800000,2022-05-30,1INCHBTC,3.117e-05,3.227e-05,3.101e-05,3.169e-05,477411.6,15.06557172,6276
1653782400000,2022-05-29,1INCHBTC,3.163e-05,3.17e-05,3.103e-05,3.123e-05,140595.9,4.39871025,1969
1653696000000,2022-05-28,1INCHBTC,3.137e-05,3.198e-05,3.111e-05,3.156e-05,276900.5,8.75465276,5080
1653609600000,2022-05-27,1INCHBTC,3.128e-05,3.187e-05,3.077e-05,3.137e-05,321170.7,10.05748627,5120
1653523200000,2022-05-26,1INCHBTC,3.269e-05,3.292e-05,3.065e-05,3.128e-05,374419.3,11.76149882,3414
1653436800000,2022-05-25,1INCHBTC,3.359e-05,3.373e-05,3.231e-05,3.274e-05,228702.7,7.49939523,4652
1653350400000,2022-05-24,1INCHBTC,3.273e-05,3.519e-05,3.264e-05,3.358e-05,429509.3,14.55468357,5429
1653264000000,2022-05-23,1INCHBTC,3.295e-05,3.495e-05,3.264e-05,3.273e-05,598164.8,20.05197493,6027
1653177600000,2022-05-22,1INCHBTC,3.274e-05,3.414e-05,3.237e-05,3.293e-05,348910.7,11.57480327,3635
1653091200000,2022-05-21,1INCHBTC,3.135e-05,3.287e-05,3.113e-05,3.272e-05,249511.0,7.94526419,1710
1653004800000,2022-05-20,1INCHBTC,3.071e-05,3.184e-05,3.029e-05,3.125e-05,282065.7,8.73389927,1586
1652918400000,2022-05-19,1INCHBTC,3.158e-05,3.166e-05,3.017e-05,3.073e-05,572128.9,17.71712832,3555
1652832000000,2022-05-18,1INCHBTC,3.155e-05,3.207e-05,3.068e-05,3.158e-05,483899.3,15.13938838,5037
1652745600000,2022-05-17,1INCHBTC,3.09e-05,3.2e-05,3.055e-05,3.154e-05,424649.0,13.24399389,4561
1652659200000,2022-05-16,1INCHBTC,3.123e-05,3.167e-05,3.043e-05,3.089e-05,478223.9,14.81605877,5178
1652572800000,2022-05-15,1INCHBTC,3.13e-05,3.179e-05,3.049e-05,3.127e-05,580354.8,18.05530634,4940
1652486400000,2022-05-14,1INCHBTC,3.127e-05,3.306e-05,3.091e-05,3.129e-05,1235437.4,39.19597025,7715
1652400000000,2022-05-13,1INCHBTC,2.791e-05,3.205e-05,2.728e-05,3.126e-05,1103607.5,32.90013203,6819
1652313600000,2022-05-12,1INCHBTC,3.474e-05,3.508e-05,2.638e-05,2.783e-05,1653089.2,47.98772627,13672
1652227200000,2022-05-11,1INCHBTC,3.356e-05,3.635e-05,3.14e-05,3.479e-05,1784250.0,59.74307665,16050
1652140800000,2022-05-10,1INCHBTC,3.36e-05,3.538e-05,3.274e-05,3.356e-05,1367562.0,46.72970253,9970
1652054400000,2022-05-09,1INCHBTC,3.825e-05,4.3e-05,3.335e-05,3.351e-05,1708694.9,66.97954425,14583
1651968000000,2022-05-08,1INCHBTC,3.669e-05,3.873e-05,3.669e-05,3.822e-05,506280.3,19.17813032,5825
1651881600000,2022-05-07,1INCHBTC,3.765e-05,3.772e-05,3.585e-05,3.667e-05,610375.3,22.22441428,6910
1651795200000,2022-05-06,1INCHBTC,3.517e-05,3.806e-05,3.488e-05,3.76e-05,1286833.8,47.05267912,11668
1651708800000,2022-05-05,1INCHBTC,3.239e-05,3.652e-05,3.171e-05,3.521e-05,1532254.8,52.57091067,11768
1651622400000,2022-05-04,1INCHBTC,3.102e-05,3.25e-05,3.027e-05,3.236e-05,314547.2,9.81950605,4667
1651536000000,2022-05-03,1INCHBTC,3.05e-05,3.334e-05,3.008e-05,3.106e-05,527671.1,16.54057148,3888
1651449600000,2022-05-02,1INCHBTC,3.013e-05,3.16e-05,2.905e-05,3.053e-05,505236.5,15.32772149,3878
1651363200000,2022-05-01,1INCHBTC,2.978e-05,3.05e-05,2.905e-05,3.013e-05,434237.5,12.9171412,3338
1651276800000,2022-04-30,1INCHBTC,3.271e-05,3.515e-05,2.844e-05,2.976e-05,638814.5,20.74700802,5393
1651190400000,2022-04-29,1INCHBTC,3.281e-05,3.304e-05,3.214e-05,3.261e-05,159208.5,5.19053773,2039
1651104000000,2022-04-28,1INCHBTC,3.369e-05,3.414e-05,3.25e-05,3.28e-05,370483.4,12.3175137,3124
1651017600000,2022-04-27,1INCHBTC,3.375e-05,3.475e-05,3.352e-05,3.369e-05,155318.8,5.28608954,1940
1650931200000,2022-04-26,1INCHBTC,3.505e-05,3.509e-05,3.327e-05,3.38e-05,212251.6,7.26748386,2699
1650844800000,2022-04-25,1INCHBTC,3.595e-05,3.611e-05,3.421e-05,3.507e-05,337969.2,11.75999217,3162
1650758400000,2022-04-24,1INCHBTC,3.662e-05,3.682e-05,3.577e-05,3.595e-05,167258.3,6.05208007,2068
1650672000000,2022-04-23,1INCHBTC,3.715e-05,3.728e-05,3.648e-05,3.662e-05,288079.6,10.63172055,3730
1650585600000,2022-04-22,1INCHBTC,3.682e-05,3.964e-05,3.682e-05,3.71e-05,419086.5,16.10656165,4193
1650499200000,2022-04-21,1INCHBTC,3.733e-05,3.934e-05,3.672e-05,3.686e-05,583606.4,22.26242087,5563
1650412800000,2022-04-20,1INCHBTC,3.706e-05,3.781e-05,3.645e-05,3.732e-05,264773.6,9.85247291,2301
1650326400000,2022-04-19,1INCHBTC,3.663e-05,3.727e-05,3.636e-05,3.715e-05,125315.9,4.61066033,1637
1650240000000,2022-04-18,1INCHBTC,3.681e-05,3.695e-05,3.563e-05,3.664e-05,214499.3,7.82226562,2206
1650153600000,2022-04-17,1INCHBTC,3.742e-05,3.764e-05,3.671e-05,3.681e-05,189072.0,7.03237988,4229
1650067200000,2022-04-16,1INCHBTC,3.748e-05,3.771e-05,3.706e-05,3.743e-05,126233.3,4.72587392,3253
1649980800000,2022-04-15,1INCHBTC,3.797e-05,3.834e-05,3.723e-05,3.743e-05,160977.5,6.09052673,4062
1649894400000,2022-04-14,1INCHBTC,3.76e-05,3.809e-05,3.711e-05,3.794e-05,254595.9,9.57680179,4958
1649808000000,2022-04-13,1INCHBTC,3.78e-05,3.823e-05,3.718e-05,3.77e-05,151901.8,5.72640681,2128
1649721600000,2022-04-12,1INCHBTC,3.698e-05,3.794e-05,3.661e-05,3.779e-05,271079.8,10.08088793,5132
1649635200000,2022-04-11,1INCHBTC,3.762e-05,3.791e-05,3.559e-05,3.696e-05,344901.4,12.61980257,4420
1649548800000,2022-04-10,1INCHBTC,3.891e-05,3.891e-05,3.756e-05,3.763e-05,169219.1,6.45045009,2756
1649462400000,2022-04-09,1INCHBTC,3.733e-05,3.905e-05,3.724e-05,3.891e-05,294766.0,11.33868203,3785
1649376000000,2022-04-08,1INCHBTC,3.814e-05,3.852e-05,3.714e-05,3.733e-05,322933.4,12.26090775,4766
1649289600000,2022-04-07,1INCHBTC,3.707e-05,3.823e-05,3.672e-05,3.815e-05,323322.9,12.13771597,3498
1649203200000,2022-04-06,1INCHBTC,4.036e-05,4.047e-05,3.686e-05,3.712e-05,748355.6,28.63480586,5799
1649116800000,2022-04-05,1INCHBTC,4.079e-05,4.145e-05,3.99e-05,4.033e-05,431135.6,17.51728707,5388
1649030400000,2022-04-04,1INCHBTC,4.261e-05,4.337e-05,3.989e-05,4.075e-05,657591.8,27.21248707,7449
1648944000000,2022-04-03,1INCHBTC,4.194e-05,4.379e-05,4.111e-05,4.264e-05,628787.8,26.67508444,6855
1648857600000,2022-04-02,1INCHBTC,4.067e-05,4.5e-05,4.01e-05,4.198e-05,1645626.8,70.36735045,14851
1648771200000,2022-04-01,1INCHBTC,3.903e-05,4.081e-05,3.772e-05,4.068e-05,731368.6,28.77897883,5266
1648684800000,2022-03-31,1INCHBTC,3.91e-05,4.091e-05,3.776e-05,3.904e-05,1042558.6,41.01758346,9395
1648598400000,2022-03-30,1INCHBTC,3.769e-05,3.999e-05,3.649e-05,3.901e-05,515659.0,19.8411901,5803
1648512000000,2022-03-29,1INCHBTC,3.661e-05,3.986e-05,3.66e-05,3.783e-05,676842.1,25.85404371,6146
1648425600000,2022-03-28,1INCHBTC,3.729e-05,3.882e-05,3.635e-05,3.659e-05,678761.7,25.67188628,5987
1648339200000,2022-03-27,1INCHBTC,3.654e-05,3.892e-05,3.644e-05,3.73e-05,983917.5,37.17368775,9484
1648252800000,2022-03-26,1INCHBTC,3.548e-05,3.67e-05,3.515e-05,3.652e-05,363045.6,13.05047607,6240
1648166400000,2022-03-25,1INCHBTC,3.706e-05,3.74e-05,3.511e-05,3.546e-05,655996.2,23.69404093,7584
1648080000000,2022-03-24,1INCHBTC,3.763e-05,3.818e-05,3.633e-05,3.703e-05,752702.4,28.04006447,9090
1647993600000,2022-03-23,1INCHBTC,3.648e-05,3.835e-05,3.63e-05,3.761e-05,684696.2,25.74562852,7470
1647907200000,2022-03-22,1INCHBTC,3.734e-05,3.846e-05,3.63e-05,3.65e-05,552453.7,20.46290094,7111
1647820800000,2022-03-21,1INCHBTC,3.768e-05,3.86e-05,3.716e-05,3.732e-05,1471359.1,55.24344843,7962
1647734400000,2022-03-20,1INCHBTC,3.871e-05,3.943e-05,3.734e-05,3.768e-05,655811.4,25.00933056,8150
1647648000000,2022-03-19,1INCHBTC,3.811e-05,4.168e-05,3.789e-05,3.869e-05,2171213.8,86.20113241,10903
1647561600000,2022-03-18,1INCHBTC,3.621e-05,3.949e-05,3.596e-05,3.811e-05,1599868.5,61.08938893,14894
1647475200000,2022-03-17,1INCHBTC,3.667e-05,3.788e-05,3.589e-05,3.623e-05,637221.8,23.35083334,6896
1647388800000,2022-03-16,1INCHBTC,3.443e-05,3.817e-05,3.375e-05,3.667e-05,2007842.7,73.16027165,15410
1647302400000,2022-03-15,1INCHBTC,3.365e-05,3.459e-05,3.355e-05,3.441e-05,285157.2,9.74118523,3539
1647216000000,2022-03-14,1INCHBTC,3.46e-05,3.462e-05,3.335e-05,3.362e-05,226382.3,7.71886758,5121
1647129600000,2022-03-13,1INCHBTC,3.429e-05,3.616e-05,3.419e-05,3.465e-05,396659.3,13.99265318,5515
1647043200000,2022-03-12,1INCHBTC,3.406e-05,3.512e-05,3.405e-05,3.43e-05,402573.9,13.87351332,5946
1646956800000,2022-03-11,1INCHBTC,3.479e-05,3.483e-05,3.374e-05,3.409e-05,221636.6,7.56503386,3811
1646870400000,2022-03-10,1INCHBTC,3.277e-05,3.742e-05,3.265e-05,3.483e-05,836670.5,29.17749219,5243
1646784000000,2022-03-09,1INCHBTC,3.348e-05,3.388e-05,3.221e-05,3.28e-05,448037.8,14.77067771,2989
1646697600000,2022-03-08,1INCHBTC,3.347e-05,3.379e-05,3.297e-05,3.346e-05,401478.0,13.43280009,2040
1646611200000,2022-03-07,1INCHBTC,3.395e-05,3.402e-05,3.29e-05,3.348e-05,435129.4,14.5467263,2478
1646524800000,2022-03-06,1INCHBTC,3.446e-05,3.463e-05,3.373e-05,3.389e-05,244613.7,8.35554222,2279
1646438400000,2022-03-05,1INCHBTC,3.444e-05,3.49e-05,3.36e-05,3.446e-05,487221.7,16.65724649,2071
1646352000000,2022-03-04,1INCHBTC,3.385e-05,3.471e-05,3.355e-05,3.445e-05,373197.7,12.72465421,3010
1646265600000,2022-03-03,1INCHBTC,3.406e-05,3.45e-05,3.329e-05,3.386e-05,227791.3,7.70905416,2525
1646179200000,2022-03-02,1INCHBTC,3.423e-05,3.476e-05,3.352e-05,3.399e-05,562182.3,19.19836172,3355
1646092800000,2022-03-01,1INCHBTC,3.484e-05,3.518e-05,3.401e-05,3.421e-05,367177.7,12.67000169,3898
1646006400000,2022-02-28,1INCHBTC,3.663e-05,3.663e-05,3.372e-05,3.483e-05,634321.1,22.31886112,4342
1645920000000,2022-02-27,1INCHBTC,3.67e-05,3.923e-05,3.578e-05,3.668e-05,259509.4,9.66765978,3316
1645833600000,2022-02-26,1INCHBTC,3.698e-05,3.722e-05,3.638e-05,3.669e-05,175384.6,6.45396089,1520
1645747200000,2022-02-25,1INCHBTC,3.5e-05,3.804e-05,3.437e-05,3.7e-05,334599.8,11.87844911,2930
1645660800000,2022-02-24,1INCHBTC,3.717e-05,3.736e-05,3.416e-05,3.493e-05,582130.5,20.50285519,4557
1645574400000,2022-02-23,1INCHBTC,3.72e-05,3.829e-05,3.705e-05,3.716e-05,196662.7,7.41490012,2143
1645488000000,2022-02-22,1INCHBTC,3.692e-05,3.771e-05,3.605e-05,3.719e-05,381225.5,14.05534508,2663
1645401600000,2022-02-21,1INCHBTC,3.868e-05,3.95e-05,3.669e-05,3.689e-05,413866.6,15.93865982,3207
1645315200000,2022-02-20,1INCHBTC,3.949e-05,3.949e-05,3.775e-05,3.864e-05,313520.1,12.09937686,3131
1645228800000,2022-02-19,1INCHBTC,3.952e-05,3.981e-05,3.839e-05,3.954e-05,205177.8,8.06166496,5344
1645142400000,2022-02-18,1INCHBTC,4.096e-05,4.121e-05,3.917e-05,3.964e-05,469958.7,18.88462693,5160
1645056000000,2022-02-17,1INCHBTC,4.117e-05,4.154e-05,4.027e-05,4.094e-05,391667.5,16.03561621,6777
1644969600000,2022-02-16,1INCHBTC,4.038e-05,4.202e-05,3.984e-05,4.108e-05,351982.5,14.4726753,4707
1644883200000,2022-02-15,1INCHBTC,3.987e-05,4.047e-05,3.948e-05,4.041e-05,303675.6,12.09941101,3250
1644796800000,2022-02-14,1INCHBTC,3.943e-05,4.096e-05,3.889e-05,3.991e-05,392899.3,15.67340565,3738
1644710400000,2022-02-13,1INCHBTC,4.007e-05,4.02e-05,3.848e-05,3.937e-05,203704.7,8.01621515,3503
1644624000000,2022-02-12,1INCHBTC,4.042e-05,4.099e-05,3.933e-05,4.003e-05,215286.5,8.59926061,3421
1644537600000,2022-02-11,1INCHBTC,4.137e-05,4.212e-05,3.988e-05,4.046e-05,346222.4,14.20737071,5884
1644451200000,2022-02-10,1INCHBTC,4.335e-05,4.414e-05,4.065e-05,4.141e-05,356867.9,15.05917081,6006
1644364800000,2022-02-09,1INCHBTC,4.225e-05,4.395e-05,4.216e-05,4.332e-05,392397.4,16.92549477,4558
1644278400000,2022-02-08,1INCHBTC,4.422e-05,4.498e-05,4.146e-05,4.222e-05,579961.3,24.75686614,6258
1644192000000,2022-02-07,1INCHBTC,4.385e-05,4.483e-05,4.315e-05,4.425e-05,482941.7,21.28431183,4131
1644105600000,2022-02-06,1INCHBTC,4.319e-05,4.468e-05,4.279e-05,4.388e-05,425474.0,18.65097925,4109
1644019200000,2022-02-05,1INCHBTC,4.234e-05,4.435e-05,4.228e-05,4.319e-05,301785.9,13.09548132,3487
1643932800000,2022-02-04,1INCHBTC,4.455e-05,4.535e-05,4.226e-05,4.247e-05,340979.3,14.99230398,3505
1643846400000,2022-02-03,1INCHBTC,4.42e-05,4.474e-05,4.357e-05,4.449e-05,198925.4,8.79264974,2161
1643760000000,2022-02-02,1INCHBTC,4.409e-05,4.512e-05,4.35e-05,4.42e-05,308833.2,13.70485279,3183
1643673600000,2022-02-01,1INCHBTC,4.381e-05,4.499e-05,4.304e-05,4.405e-05,250862.9,10.96981772,3449
1643587200000,2022-01-31,1INCHBTC,4.381e-05,4.425e-05,4.281e-05,4.374e-05,167130.5,7.28562076,3500
1643500800000,2022-01-30,1INCHBTC,4.487e-05,4.527e-05,4.326e-05,4.381e-05,188147.9,8.3760451,3811
1643414400000,2022-01-29,1INCHBTC,4.364e-05,4.585e-05,4.36e-05,4.488e-05,615859.3,27.78050171,3538
1643328000000,2022-01-28,1INCHBTC,4.281e-05,4.408e-05,4.226e-05,4.368e-05,381670.1,16.46476786,3054
1643241600000,2022-01-27,1INCHBTC,4.419e-05,4.468e-05,4.238e-05,4.282e-05,252986.0,11.0704174,2713
1643155200000,2022-01-26,1INCHBTC,4.316e-05,4.747e-05,4.28e-05,4.41e-05,877494.7,39.69597476,5916
1643068800000,2022-01-25,1INCHBTC,4.327e-05,4.377e-05,4.244e-05,4.302e-05,274051.8,11.82165932,2521
1642982400000,2022-01-24,1INCHBTC,4.66e-05,4.684e-05,4.245e-05,4.326e-05,625504.7,27.59434086,4344
1642896000000,2022-01-23,1INCHBTC,4.601e-05,4.747e-05,4.535e-05,4.663e-05,625652.4,29.13091353,4020
1642809600000,2022-01-22,1INCHBTC,5.051e-05,5.074e-05,4.4e-05,4.601e-05,977376.0,45.4898618,7456
1642723200000,2022-01-21,1INCHBTC,4.995e-05,5.086e-05,4.696e-05,5.056e-05,722126.4,35.71790513,6856
1642636800000,2022-01-20,1INCHBTC,5.011e-05,5.191e-05,4.992e-05,4.996e-05,281564.6,14.36641483,3637
1642550400000,2022-01-19,1INCHBTC,5.165e-05,5.176e-05,4.996e-05,5.023e-05,358356.1,18.16829159,6086
1642464000000,2022-01-18,1INCHBTC,5.316e-05,5.381e-05,5.1e-05,5.179e-05,465200.3,24.28467605,5264
1642377600000,2022-01-17,1INCHBTC,5.653e-05,5.689e-05,5.257e-05,5.319e-05,492040.5,26.73252325,6163
1642291200000,2022-01-16,1INCHBTC,5.538e-05,5.71e-05,5.522e-05,5.651e-05,397706.4,22.386256,9316
1642204800000,2022-01-15,1INCHBTC,5.505e-05,5.636e-05,5.457e-05,5.541e-05,320701.2,17.73938257,5586
1642118400000,2022-01-14,1INCHBTC,5.516e-05,5.706e-05,5.417e-05,5.501e-05,446920.9,24.71947184,6623
1642032000000,2022-01-13,1INCHBTC,5.118e-05,5.775e-05,5.08e-05,5.497e-05,2345664.4,130.28376544,22675
1641945600000,2022-01-12,1INCHBTC,5.03e-05,5.2e-05,5.016e-05,5.115e-05,293380.2,14.97440708,3587
1641859200000,2022-01-11,1INCHBTC,4.963e-05,5.036e-05,4.913e-05,5.024e-05,254409.6,12.65608369,2943
1641772800000,2022-01-10,1INCHBTC,5.136e-05,5.21e-05,4.892e-05,4.964e-05,378697.0,19.00796136,4738
1641686400000,2022-01-09,1INCHBTC,5.099e-05,5.213e-05,5.071e-05,5.137e-05,233718.6,11.9798141,2798
1641600000000,2022-01-08,1INCHBTC,5.258e-05,5.336e-05,5.017e-05,5.105e-05,402309.5,20.75141145,5173
1641513600000,2022-01-07,1INCHBTC,5.443e-05,5.458e-05,5.163e-05,5.25e-05,512480.1,27.05593003,6051
1641427200000,2022-01-06,1INCHBTC,5.337e-05,5.517e-05,5.2e-05,5.443e-05,522571.3,28.02883248,6891
1641340800000,2022-01-05,1INCHBTC,5.41e-05,5.548e-05,5.125e-05,5.335e-05,762849.6,41.29344025,8148
1641254400000,2022-01-04,1INCHBTC,5.518e-05,5.576e-05,5.389e-05,5.409e-05,553272.0,30.25298793,5506
1641168000000,2022-01-03,1INCHBTC,5.395e-05,5.66e-05,5.387e-05,5.515e-05,844336.4,46.67972407,7566
1641081600000,2022-01-02,1INCHBTC,5.306e-05,5.469e-05,5.25e-05,5.395e-05,359022.2,19.28942959,4907
1640995200000,2022-01-01,1INCHBTC,5.176e-05,5.34e-05,5.125e-05,5.3e-05,340459.5,17.79362558,2846
1640908800000,2021-12-31,1INCHBTC,5.229e-05,5.24e-05,5.109e-05,5.176e-05,332489.0,17.14159761,3587
1640822400000,2021-12-30,1INCHBTC,5.203e-05,5.335e-05,5.049e-05,5.228e-05,635801.9,33.03899926,6179
1640736000000,2021-12-29,1INCHBTC,5.339e-05,5.399e-05,5.133e-05,5.205e-05,582529.2,30.5748528,6166
1640649600000,2021-12-28,1INCHBTC,5.511e-05,5.606e-05,5.323e-05,5.347e-05,745447.7,40.6160223,8869
1640563200000,2021-12-27,1INCHBTC,5.438e-05,5.783e-05,5.398e-05,5.51e-05,1051328.4,59.10795907,8519
1640476800000,2021-12-26,1INCHBTC,5.423e-05,5.527e-05,5.296e-05,5.427e-05,677327.3,36.83866827,6966
1640390400000,2021-12-25,1INCHBTC,5.42e-05,5.522e-05,5.319e-05,5.426e-05,1193377.2,64.42514565,7756
1640304000000,2021-12-24,1INCHBTC,5.552e-05,5.828e-05,5.325e-05,5.418e-05,1427536.4,79.08257169,14020
1640217600000,2021-12-23,1INCHBTC,5.101e-05,5.952e-05,5.066e-05,5.558e-05,2343569.0,130.72990437,19501
1640131200000,2021-12-22,1INCHBTC,4.989e-05,5.252e-05,4.979e-05,5.101e-05,697016.3,35.58314601,6733
1640044800000,2021-12-21,1INCHBTC,5.121e-05,5.134e-05,4.949e-05,4.989e-05,304237.0,15.24082076,4387
1639958400000,2021-12-20,1INCHBTC,5.197e-05,5.219e-05,5.044e-05,5.109e-05,374092.2,19.1176543,6579
1639872000000,2021-12-19,1INCHBTC,5.299e-05,5.333e-05,5.155e-05,5.186e-05,1004902.3,52.45200593,7446
1639785600000,2021-12-18,1INCHBTC,5.288e-05,5.568e-05,5.236e-05,5.304e-05,1051938.5,57.31059477,7929
1639699200000,2021-12-17,1INCHBTC,5.406e-05,5.732e-05,5.204e-05,5.28e-05,1341219.6,71.81644916,11576
1639612800000,2021-12-16,1INCHBTC,5.222e-05,5.598e-05,5.201e-05,5.401e-05,1155796.7,62.55341856,8858
1639526400000,2021-12-15,1INCHBTC,5.258e-05,5.263e-05,4.992e-05,5.22e-05,834856.3,42.89059947,8244
1639440000000,2021-12-14,1INCHBTC,5.131e-05,5.455e-05,5.096e-05,5.268e-05,1048876.7,55.60740997,10474
1639353600000,2021-12-13,1INCHBTC,5.093e-05,5.419e-05,4.854e-05,5.136e-05,1295548.1,66.56868537,10508
1639267200000,2021-12-12,1INCHBTC,5.231e-05,5.231e-05,5.066e-05,5.091e-05,519750.2,26.68112029,4595
1639180800000,2021-12-11,1INCHBTC,5.263e-05,5.391e-05,5.204e-05,5.23e-05,651645.6,34.4267246,4797
1639094400000,2021-12-10,1INCHBTC,5.258e-05,5.566e-05,5.161e-05,5.269e-05,1094452.0,57.77603457,7362
1639008000000,2021-12-09,1INCHBTC,5.461e-05,5.955e-05,5.246e-05,5.261e-05,2111674.5,117.13748357,13765
1638921600000,2021-12-08,1INCHBTC,5.289e-05,5.511e-05,5.248e-05,5.46e-05,763644.6,41.11265579,6549
1638835200000,2021-12-07,1INCHBTC,5.257e-05,5.618e-05,5.215e-05,5.294e-05,1532287.5,82.25054294,9620
1638748800000,2021-12-06,1INCHBTC,5.335e-05,5.346e-05,4.901e-05,5.255e-05,1738014.3,89.72728358,11304
1638662400000,2021-12-05,1INCHBTC,5.442e-05,5.789e-05,5.212e-05,5.343e-05,1640419.2,89.2259083,14809
1638576000000,2021-12-04,1INCHBTC,5.842e-05,5.857e-05,4.474e-05,5.445e-05,3542595.7,187.82747445,25953
1638489600000,2021-12-03,1INCHBTC,6.149e-05,6.155e-05,5.739e-05,5.85e-05,1274433.3,76.53196621,10150
1638403200000,2021-12-02,1INCHBTC,6.444e-05,6.452e-05,6.084e-05,6.153e-05,1648495.7,102.13805818,11585
1638316800000,2021-12-01,1INCHBTC,6.222e-05,7.42e-05,6.156e-05,6.443e-05,6604948.4,441.06889358,43765
1638230400000,2021-11-30,1INCHBTC,6.495e-05,6.578e-05,6.205e-05,6.228e-05,1386133.8,87.67678955,9977
1638144000000,2021-11-29,1INCHBTC,6.362e-05,6.544e-05,6.3e-05,6.501e-05,903846.1,57.80060732,8340
1638057600000,2021-11-28,1INCHBTC,6.762e-05,6.771e-05,6.31e-05,6.372e-05,863718.1,56.12192943,9875
1637971200000,2021-11-27,1INCHBTC,6.824e-05,6.98e-05,6.742e-05,6.763e-05,888225.7,60.83852135,8349
1637884800000,2021-11-26,1INCHBTC,7.204e-05,7.23e-05,6.501e-05,6.829e-05,3133538.9,214.92053243,26674
1637798400000,2021-11-25,1INCHBTC,6.98e-05,7.28e-05,6.896e-05,7.206e-05,2481177.6,176.8321389,22031
1637712000000,2021-11-24,1INCHBTC,7.002e-05,7.303e-05,6.892e-05,6.982e-05,1925919.8,136.69405157,19488
1637625600000,2021-11-23,1INCHBTC,6.79e-05,7.177e-05,6.692e-05,7.014e-05,1605654.7,111.53486104,15524
1637539200000,2021-11-22,1INCHBTC,6.806e-05,6.872e-05,6.642e-05,6.784e-05,1003710.3,67.92224208,11989
1637452800000,2021-11-21,1INCHBTC,6.674e-05,6.994e-05,6.56e-05,6.798e-05,2122322.6,144.14587006,16480
1637366400000,2021-11-20,1INCHBTC,6.699e-05,6.822e-05,6.502e-05,6.669e-05,1050374.2,70.40622533,11299
1637280000000,2021-11-19,1INCHBTC,6.229e-05,6.87e-05,6.169e-05,6.695e-05,1341645.0,88.7293504,12074
1637193600000,2021-11-18,1INCHBTC,6.497e-05,6.62e-05,6.125e-05,6.239e-05,705312.7,44.71545362,8608
1637107200000,2021-11-17,1INCHBTC,6.404e-05,6.583e-05,6.29e-05,6.504e-05,495336.7,31.72450552,6336
1637020800000,2021-11-16,1INCHBTC,6.582e-05,6.615e-05,6.056e-05,6.395e-05,822359.9,52.5583118,9810
1636934400000,2021-11-15,1INCHBTC,6.525e-05,6.627e-05,6.45e-05,6.592e-05,451736.3,29.54967161,5221
1636848000000,2021-11-14,1INCHBTC,6.638e-05,6.676e-05,6.491e-05,6.544e-05,402829.5,26.45053372,7274
1636761600000,2021-11-13,1INCHBTC,6.494e-05,6.689e-05,6.448e-05,6.64e-05,763893.5,50.03276838,8759
1636675200000,2021-11-12,1INCHBTC,6.592e-05,6.592e-05,6.354e-05,6.494e-05,650630.6,42.0428024,7745
1636588800000,2021-11-11,1INCHBTC,6.278e-05,6.905e-05,6.232e-05,6.604e-05,1085252.2,71.57953209,12248
1636502400000,2021-11-10,1INCHBTC,6.625e-05,7.055e-05,5.91e-05,6.295e-05,2054123.7,133.77538984,21714
1636416000000,2021-11-09,1INCHBTC,6.859e-05,6.88e-05,6.547e-05,6.621e-05,721786.6,48.2141546,7805
1636329600000,2021-11-08,1INCHBTC,7.211e-05,7.213e-05,6.683e-05,6.855e-05,824393.0,56.58536688,8847
1636243200000,2021-11-07,1INCHBTC,7.186e-05,7.456e-05,7.061e-05,7.217e-05,899089.1,65.12393912,9534
1636156800000,2021-11-06,1INCHBTC,7.206e-05,7.302e-05,6.885e-05,7.172e-05,790283.5,56.31770787,9223
1636070400000,2021-11-05,1INCHBTC,7.344e-05,7.396e-05,7.159e-05,7.201e-05,832037.4,60.41477258,8785
1635984000000,2021-11-04,1INCHBTC,7.038e-05,7.518e-05,6.926e-05,7.344e-05,1392681.9,101.06574264,14783
1635897600000,2021-11-03,1INCHBTC,7.309e-05,7.312e-05,6.937e-05,7.035e-05,1391622.4,99.17201205,13270
1635811200000,2021-11-02,1INCHBTC,7.501e-05,7.519e-05,7.181e-05,7.311e-05,1836684.6,134.78825269,14450
1635724800000,2021-11-01,1INCHBTC,7.464e-05,7.611e-05,7.072e-05,7.493e-05,1412495.8,103.68742157,17502
1635638400000,2021-10-31,1INCHBTC,7.581e-05,8.03e-05,7.151e-05,7.46e-05,2126396.7,156.27349533,20094
1635552000000,2021-10-30,1INCHBTC,8.112e-05,8.281e-05,7.471e-05,7.592e-05,1234862.8,96.8853776,14764
1635465600000,2021-10-29,1INCHBTC,8.49e-05,9.042e-05,7.975e-05,8.121e-05,1960115.4,163.98296099,19090
1635379200000,2021-10-28,1INCHBTC,9.782e-05,9.853e-05,8.056e-05,8.491e-05,4477832.5,382.99402311,46250
1635292800000,2021-10-27,1INCHBTC,6.552e-05,0.00013495,6.472e-05,9.78e-05,19673816.0,1972.03937157,190414
1635206400000,2021-10-26,1INCHBTC,6.416e-05,6.688e-05,6.387e-05,6.549e-05,1298284.4,85.01988489,11427
1635120000000,2021-10-25,1INCHBTC,6.256e-05,6.61e-05,6.205e-05,6.426e-05,1165299.6,75.04881268,10491
1635033600000,2021-10-24,1INCHBTC,6.554e-05,6.652e-05,6.162e-05,6.254e-05,1475527.6,94.07883083,12784
1634947200000,2021-10-23,1INCHBTC,6.628e-05,6.673e-05,6.348e-05,6.562e-05,1275491.4,82.74341578,12903
1634860800000,2021-10-22,1INCHBTC,6.653e-05,6.912e-05,6.346e-05,6.629e-05,2107036.5,138.9900793,18228
1634774400000,2021-10-21,1INCHBTC,6.32e-05,7e-05,6.29e-05,6.652e-05,2596531.8,173.60034721,26257
1634688000000,2021-10-20,1INCHBTC,5.804e-05,6.499e-05,5.733e-05,6.32e-05,2266849.8,137.47901394,20729
1634601600000,2021-10-19,1INCHBTC,5.56e-05,5.872e-05,5.529e-05,5.801e-05,1525173.0,86.89841229,11686
1634515200000,2021-10-18,1INCHBTC,5.66e-05,5.871e-05,5.424e-05,5.559e-05,2000609.6,112.64574664,14084
1634428800000,2021-10-17,1INCHBTC,5.268e-05,5.985e-05,5.217e-05,5.657e-05,1503259.4,84.69288207,13902
1634342400000,2021-10-16,1INCHBTC,5.247e-05,5.411e-05,5.216e-05,5.27e-05,522162.3,27.76990816,4065
1634256000000,2021-10-15,1INCHBTC,5.855e-05,5.87e-05,5.151e-05,5.253e-05,2513527.4,133.97507597,14996
1634169600000,2021-10-14,1INCHBTC,5.169e-05,6.118e-05,5.079e-05,5.855e-05,3200451.2,182.1703464,23224
1634083200000,2021-10-13,1INCHBTC,5.17e-05,5.424e-05,5.106e-05,5.151e-05,663243.2,34.63023319,6023
1633996800000,2021-10-12,1INCHBTC,5.052e-05,5.301e-05,4.759e-05,5.174e-05,789076.4,39.39508265,6856
1633910400000,2021-10-11,1INCHBTC,5.394e-05,5.428e-05,4.934e-05,5.053e-05,859730.5,44.67760587,7911
1633824000000,2021-10-10,1INCHBTC,5.817e-05,5.821e-05,5.395e-05,5.408e-05,552510.7,30.9277275,6106
1633737600000,2021-10-09,1INCHBTC,5.862e-05,5.897e-05,5.757e-05,5.821e-05,443587.5,25.84452504,4720
1633651200000,2021-10-08,1INCHBTC,5.826e-05,6.02e-05,5.646e-05,5.857e-05,813436.0,47.59948334,7595
1633564800000,2021-10-07,1INCHBTC,5.629e-05,6.008e-05,5.501e-05,5.819e-05,1279764.2,73.92732761,9313
1633478400000,2021-10-06,1INCHBTC,6.367e-05,6.542e-05,5.6e-05,5.632e-05,1782865.7,106.11723304,13012
1633392000000,2021-10-05,1INCHBTC,6.439e-05,6.654e-05,6.226e-05,6.355e-05,1131880.5,72.7386295,12158
1633305600000,2021-10-04,1INCHBTC,6.386e-05,6.576e-05,6.182e-05,6.435e-05,1366657.7,87.49090404,11683
1633219200000,2021-10-03,1INCHBTC,6.402e-05,6.776e-05,6.281e-05,6.388e-05,1841576.7,120.33630852,16915
1633132800000,2021-10-02,1INCHBTC,6.066e-05,6.579e-05,5.929e-05,6.394e-05,2198755.5,136.99799981,17818
1633046400000,2021-10-01,1INCHBTC,5.827e-05,6.181e-05,5.7e-05,6.056e-05,1835808.9,109.82897186,15828
1632960000000,2021-09-30,1INCHBTC,6.007e-05,6.163e-05,5.795e-05,5.83e-05,929082.1,55.30294563,8964
1632873600000,2021-09-29,1INCHBTC,5.792e-05,6.292e-05,5.785e-05,6.019e-05,1026768.2,61.39431916,11111
1632787200000,2021-09-28,1INCHBTC,5.986e-05,6.164e-05,5.782e-05,5.785e-05,979880.3,58.83699196,9777
1632700800000,2021-09-27,1INCHBTC,6.203e-05,6.628e-05,5.94e-05,5.989e-05,1927950.8,121.52253966,16430
1632614400000,2021-09-26,1INCHBTC,5.834e-05,6.456e-05,5.418e-05,6.199e-05,2032098.9,121.8999493,21128
1632528000000,2021-09-25,1INCHBTC,5.952e-05,6.055e-05,5.762e-05,5.836e-05,415871.0,24.60952303,6213
1632441600000,2021-09-24,1INCHBTC,6.193e-05,6.321e-05,5.776e-05,5.952e-05,717138.8,42.97217714,8713
1632355200000,2021-09-23,1INCHBTC,6.03e-05,6.508e-05,5.901e-05,6.198e-05,1337210.2,82.80696825,11943
1632268800000,2021-09-22,1INCHBTC,5.699e-05,6.127e-05,5.575e-05,6.043e-05,1247409.2,72.9106964,10617
1632182400000,2021-09-21,1INCHBTC,5.989e-05,6.119e-05,5.646e-05,5.699e-05,1054418.9,62.58806408,10088
1632096000000,2021-09-20,1INCHBTC,6.24e-05,6.266e-05,5.876e-05,5.989e-05,1464931.7,89.53270115,12973
1632009600000,2021-09-19,1INCHBTC,6.489e-05,6.523e-05,6.188e-05,6.239e-05,775340.6,49.38341586,9025
1631923200000,2021-09-18,1INCHBTC,6.594e-05,6.823e-05,6.401e-05,6.485e-05,1214848.3,80.51341031,9264
1631836800000,2021-09-17,1INCHBTC,6.972e-05,7.029e-05,6.388e-05,6.587e-05,1444548.0,95.95903376,11537
1631750400000,2021-09-16,1INCHBTC,6.852e-05,7.323e-05,6.716e-05,6.975e-05,3142926.0,221.21962263,23915
1631664000000,2021-09-15,1INCHBTC,6.523e-05,6.924e-05,6.402e-05,6.856e-05,2039504.6,135.3322716,13745
1631577600000,2021-09-14,1INCHBTC,6.31e-05,6.656e-05,6.278e-05,6.522e-05,1399057.7,90.53194893,9570
1631491200000,2021-09-13,1INCHBTC,6.495e-05,6.523e-05,6.183e-05,6.308e-05,768062.4,48.50420696,7928
1631404800000,2021-09-12,1INCHBTC,6.448e-05,6.783e-05,6.31e-05,6.493e-05,985225.1,64.68154792,8941
1631318400000,2021-09-11,1INCHBTC,6.42e-05,6.597e-05,6.305e-05,6.448e-05,679830.1,44.09132108,6603
1631232000000,2021-09-10,1INCHBTC,6.534e-05,6.763e-05,6.11e-05,6.412e-05,1087719.8,69.7011678,10795
1631145600000,2021-09-09,1INCHBTC,6.342e-05,6.94e-05,6.212e-05,6.534e-05,1571430.0,103.42837702,13499
1631059200000,2021-09-08,1INCHBTC,6.248e-05,6.513e-05,5.808e-05,6.336e-05,2066551.1,127.54619343,15923
1630972800000,2021-09-07,1INCHBTC,7.041e-05,7.116e-05,5.635e-05,6.253e-05,3947367.4,255.08527787,36507
1630886400000,2021-09-06,1INCHBTC,7.407e-05,7.657e-05,6.919e-05,7.039e-05,2114029.4,154.16633671,18477
1630800000000,2021-09-05,1INCHBTC,7.373e-05,7.998e-05,7.33e-05,7.401e-05,2255275.0,173.32948624,23768
1630713600000,2021-09-04,1INCHBTC,7.152e-05,7.526e-05,6.961e-05,7.37e-05,2148044.1,156.16092075,18315
1630627200000,2021-09-03,1INCHBTC,6.801e-05,7.27e-05,6.663e-05,7.156e-05,1993502.8,138.66583737,16868
1630540800000,2021-09-02,1INCHBTC,6.845e-05,6.891e-05,6.564e-05,6.802e-05,1549549.3,104.79135902,12118
1630454400000,2021-09-01,1INCHBTC,6.467e-05,6.979e-05,6.389e-05,6.843e-05,2081659.5,140.03280967,15048
1630368000000,2021-08-31,1INCHBTC,6.411e-05,6.692e-05,6.259e-05,6.481e-05,2141923.0,139.4031135,28051
1630281600000,2021-08-30,1INCHBTC,6.47e-05,6.532e-05,6.308e-05,6.41e-05,738085.1,47.37490664,6812
1630195200000,2021-08-29,1INCHBTC,6.722e-05,6.731e-05,6.44e-05,6.47e-05,565111.9,37.02271286,5716
1630108800000,2021-08-28,1INCHBTC,6.547e-05,6.886e-05,6.51e-05,6.721e-05,1803946.1,121.4830656,25362
1630022400000,2021-08-27,1INCHBTC,6.224e-05,6.956e-05,6.083e-05,6.548e-05,1780778.8,116.95363477,15197
1629936000000,2021-08-26,1INCHBTC,6.482e-05,6.512e-05,6.131e-05,6.225e-05,1066744.4,67.34199712,10301
1629849600000,2021-08-25,1INCHBTC,6.423e-05,6.612e-05,6.238e-05,6.48e-05,1159486.4,74.51539866,9616
1629763200000,2021-08-24,1INCHBTC,6.879e-05,7.059e-05,6.321e-05,6.425e-05,1587507.3,106.02508398,13213
1629676800000,2021-08-23,1INCHBTC,6.873e-05,6.954e-05,6.694e-05,6.877e-05,843218.4,57.60951835,7878
1629590400000,2021-08-22,1INCHBTC,6.891e-05,7.122e-05,6.76e-05,6.872e-05,790262.6,54.65452078,8489
1629504000000,2021-08-21,1INCHBTC,6.991e-05,7.22e-05,6.827e-05,6.878e-05,1410142.1,99.32605706,20039
1629417600000,2021-08-20,1INCHBTC,7.331e-05,7.679e-05,6.974e-05,6.993e-05,1800115.7,132.65307025,19578
1629331200000,2021-08-19,1INCHBTC,6.956e-05,7.68e-05,6.895e-05,7.331e-05,2070656.4,152.14092307,24829
1629244800000,2021-08-18,1INCHBTC,6.881e-05,7.103e-05,6.301e-05,6.957e-05,1779416.6,122.3843005,21005
1629158400000,2021-08-17,1INCHBTC,6.603e-05,7.376e-05,6.553e-05,6.888e-05,2637019.0,182.71388454,30683
1629072000000,2021-08-16,1INCHBTC,6.477e-05,6.955e-05,6.385e-05,6.614e-05,1778414.4,119.34871483,18114
1628985600000,2021-08-15,1INCHBTC,6.491e-05,6.551e-05,6.344e-05,6.482e-05,746741.4,48.07264692,7641
1628899200000,2021-08-14,1INCHBTC,6.427e-05,6.504e-05,6.301e-05,6.498e-05,886551.2,56.87307779,10392
1628812800000,2021-08-13,1INCHBTC,6.332e-05,6.603e-05,6.297e-05,6.429e-05,1299358.7,83.74714,11872
1628726400000,2021-08-12,1INCHBTC,6.443e-05,6.642e-05,6.023e-05,6.329e-05,1243261.3,78.53017675,13599
1628640000000,2021-08-11,1INCHBTC,6.131e-05,6.685e-05,6.118e-05,6.447e-05,2189043.2,141.3556474,18457
1628553600000,2021-08-10,1INCHBTC,5.966e-05,6.238e-05,5.929e-05,6.126e-05,1174948.4,71.70573454,12056
1628467200000,2021-08-09,1INCHBTC,5.693e-05,6.154e-05,5.595e-05,5.958e-05,1197155.5,70.083865,12081
1628380800000,2021-08-08,1INCHBTC,6.061e-05,6.087e-05,5.627e-05,5.683e-05,1069419.4,61.9259181,8785
1628294400000,2021-08-07,1INCHBTC,5.863e-05,6.25e-05,5.835e-05,6.055e-05,1227127.7,74.1881844,11274
1628208000000,2021-08-06,1INCHBTC,5.916e-05,6.134e-05,5.82e-05,5.868e-05,1030807.1,61.40535726,10776
1628121600000,2021-08-05,1INCHBTC,5.901e-05,6.227e-05,5.835e-05,5.922e-05,1757949.2,105.54987742,13153
1628035200000,2021-08-04,1INCHBTC,5.82e-05,6.104e-05,5.768e-05,5.9e-05,1230999.8,73.18763807,10696
1627948800000,2021-08-03,1INCHBTC,5.892e-05,5.921e-05,5.759e-05,5.823e-05,686933.9,40.19993499,5921
1627862400000,2021-08-02,1INCHBTC,5.81e-05,6.032e-05,5.786e-05,5.886e-05,585905.6,34.56093528,6284
1627776000000,2021-08-01,1INCHBTC,5.739e-05,5.9e-05,5.681e-05,5.813e-05,875752.2,50.9221817,8958
1627689600000,2021-07-31,1INCHBTC,5.46e-05,5.857e-05,5.436e-05,5.736e-05,1465193.7,83.35482281,11275
1627603200000,2021-07-30,1INCHBTC,5.605e-05,5.78e-05,5.457e-05,5.464e-05,1382734.8,78.09111797,10160
1627516800000,2021-07-29,1INCHBTC,5.469e-05,5.688e-05,5.427e-05,5.607e-05,601677.8,33.4536646,5052
1627430400000,2021-07-28,1INCHBTC,5.619e-05,5.637e-05,5.377e-05,5.468e-05,866228.4,47.33230237,6482
1627344000000,2021-07-27,1INCHBTC,5.739e-05,5.9e-05,5.607e-05,5.617e-05,1209184.7,69.48471635,10411
1627257600000,2021-07-26,1INCHBTC,5.776e-05,6.094e-05,5.345e-05,5.749e-05,2831324.0,164.75086831,21865
1627171200000,2021-07-25,1INCHBTC,5.96e-05,6.165e-05,5.738e-05,5.776e-05,1080752.7,63.68695939,10327
1627084800000,2021-07-24,1INCHBTC,6.273e-05,6.372e-05,5.888e-05,5.963e-05,1001644.0,61.29650686,8765
1626998400000,2021-07-23,1INCHBTC,6.308e-05,6.622e-05,6.049e-05,6.282e-05,1191012.8,75.4462164,12559
1626912000000,2021-07-22,1INCHBTC,5.693e-05,6.451e-05,5.591e-05,6.314e-05,1061629.1,63.41262342,10890
1626825600000,2021-07-21,1INCHBTC,5.732e-05,5.925e-05,5.565e-05,5.693e-05,681664.9,39.37621451,6715
1626739200000,2021-07-20,1INCHBTC,5.799e-05,5.947e-05,5.501e-05,5.742e-05,840120.6,47.85147202,8150
1626652800000,2021-07-19,1INCHBTC,6.386e-05,6.43e-05,5.772e-05,5.803e-05,759523.9,46.01585632,7429
1626566400000,2021-07-18,1INCHBTC,6.385e-05,6.576e-05,6.336e-05,6.373e-05,273819.5,17.68167674,4148
1626480000000,2021-07-17,1INCHBTC,6.253e-05,6.528e-05,6.239e-05,6.37e-05,307672.7,19.65838538,4599
1626393600000,2021-07-16,1INCHBTC,6.743e-05,6.945e-05,6.254e-05,6.268e-05,1389328.1,90.03984038,12291
1626307200000,2021-07-15,1INCHBTC,6.985e-05,7.101e-05,6.727e-05,6.731e-05,628214.7,43.58082241,6411
1626220800000,2021-07-14,1INCHBTC,7.092e-05,7.19e-05,6.883e-05,6.992e-05,676841.1,47.57216096,6351
1626134400000,2021-07-13,1INCHBTC,7.305e-05,7.386e-05,7.049e-05,7.094e-05,385009.6,27.77048193,4975
1626048000000,2021-07-12,1INCHBTC,7.353e-05,7.509e-05,7.22e-05,7.321e-05,416951.3,30.69439798,5500
1625961600000,2021-07-11,1INCHBTC,7.425e-05,7.531e-05,7.302e-05,7.353e-05,457807.2,33.92118548,4655
1625875200000,2021-07-10,1INCHBTC,7.62e-05,7.682e-05,7.324e-05,7.422e-05,530047.9,39.37496226,5414
1625788800000,2021-07-09,1INCHBTC,7.641e-05,7.846e-05,7.419e-05,7.633e-05,906185.0,69.0858128,8218
1625702400000,2021-07-08,1INCHBTC,8.129e-05,8.198e-05,7.556e-05,7.633e-05,576536.6,45.53724534,8257
1625616000000,2021-07-07,1INCHBTC,8.282e-05,8.53e-05,8.012e-05,8.16e-05,894636.8,73.61925037,10647
1625529600000,2021-07-06,1INCHBTC,7.387e-05,8.579e-05,7.384e-05,8.283e-05,3461109.5,280.93379656,26201
1625443200000,2021-07-05,1INCHBTC,7.183e-05,7.48e-05,7.03e-05,7.385e-05,788852.4,56.84916281,8951
1625356800000,2021-07-04,1INCHBTC,7.167e-05,7.507e-05,7.002e-05,7.174e-05,682085.8,49.46651107,8225
1625270400000,2021-07-03,1INCHBTC,7.082e-05,7.17e-05,6.901e-05,7.163e-05,803537.3,56.58978281,6175
1625184000000,2021-07-02,1INCHBTC,7.067e-05,7.164e-05,6.883e-05,7.073e-05,281417.3,19.75884171,4035
1625097600000,2021-07-01,1INCHBTC,7.24e-05,7.242e-05,6.983e-05,7.07e-05,352366.8,24.97123125,4489
1625011200000,2021-06-30,1INCHBTC,7.088e-05,7.242e-05,6.865e-05,7.239e-05,530966.3,37.52227974,5630
1624924800000,2021-06-29,1INCHBTC,7.18e-05,7.541e-05,7.01e-05,7.085e-05,743713.8,54.22993697,7141
1624838400000,2021-06-28,1INCHBTC,7.242e-05,7.445e-05,6.742e-05,7.164e-05,1727541.9,122.13849594,15140
1624752000000,2021-06-27,1INCHBTC,7.286e-05,7.394e-05,7.03e-05,7.241e-05,410841.0,29.45621951,5734
1624665600000,2021-06-26,1INCHBTC,7.405e-05,7.594e-05,7.197e-05,7.299e-05,358854.6,26.34901639,5622
1624579200000,2021-06-25,1INCHBTC,7.866e-05,7.983e-05,7.24e-05,7.407e-05,591511.3,44.32761354,7470
1624492800000,2021-06-24,1INCHBTC,7.756e-05,8.015e-05,7.52e-05,7.866e-05,365337.3,28.54187227,6631
1624406400000,2021-06-23,1INCHBTC,7.393e-05,8.163e-05,7.088e-05,7.758e-05,954124.9,73.81948457,10535
1624320000000,2021-06-22,1INCHBTC,8.433e-05,8.611e-05,7.168e-05,7.388e-05,2171974.1,169.9144788,21433
1624233600000,2021-06-21,1INCHBTC,9.527e-05,9.763e-05,8.258e-05,8.436e-05,1762698.8,159.92926736,24355
1624147200000,2021-06-20,1INCHBTC,8.495e-05,9.82e-05,8.37e-05,9.54e-05,880901.0,78.18203696,11666
1624060800000,2021-06-19,1INCHBTC,8.832e-05,8.95e-05,8.49e-05,8.496e-05,432522.9,37.5597428,6030
1623974400000,2021-06-18,1INCHBTC,8.965e-05,8.974e-05,8.526e-05,8.832e-05,693759.0,60.19984206,7358
1623888000000,2021-06-17,1INCHBTC,9.364e-05,9.618e-05,8.74e-05,8.963e-05,1312628.7,118.73656065,15536
1623801600000,2021-06-16,1INCHBTC,9.327e-05,9.847e-05,9.196e-05,9.371e-05,1413338.7,134.41233992,14987
1623715200000,2021-06-15,1INCHBTC,9.102e-05,9.412e-05,8.844e-05,9.327e-05,1381623.6,125.45017177,17280
1623628800000,2021-06-14,1INCHBTC,7.693e-05,9.603e-05,7.485e-05,9.097e-05,3423031.3,300.50893052,39778
1623542400000,2021-06-13,1INCHBTC,7.678e-05,8.04e-05,7.523e-05,7.688e-05,939483.2,73.21203462,9239
1623456000000,2021-06-12,1INCHBTC,7.347e-05,7.862e-05,7.143e-05,7.689e-05,587354.4,43.75032679,7040
1623369600000,2021-06-11,1INCHBTC,8.215e-05,8.255e-05,7.229e-05,7.343e-05,612402.4,47.36698256,7153
1623283200000,2021-06-10,1INCHBTC,8.535e-05,8.776e-05,7.894e-05,8.215e-05,728372.5,60.11673678,8986
1623196800000,2021-06-09,1INCHBTC,9.271e-05,9.449e-05,8.259e-05,8.523e-05,2060532.0,179.44162248,24474
1623110400000,2021-06-08,1INCHBTC,0.00010141,0.00010231,9.043e-05,9.285e-05,914099.4,87.36068729,15614
1623024000000,2021-06-07,1INCHBTC,0.0001091,0.0001093,9.959e-05,0.0001014,780089.0,80.48425316,11366
1622937600000,2021-06-06,1INCHBTC,0.00010364,0.00011385,0.00010216,0.000109,1564094.1,168.72185442,20951
1622851200000,2021-06-05,1INCHBTC,9.177e-05,0.00010712,9.071e-05,0.00010377,3493051.4,352.91547016,35795
1622764800000,2021-06-04,1INCHBTC,8.9e-05,0.00010199,8.462e-05,9.162e-05,2679959.8,250.32635612,35371
1622678400000,2021-06-03,1INCHBTC,8.989e-05,9.302e-05,8.704e-05,8.909e-05,1053131.7,94.48948571,14607
1622592000000,2021-06-02,1INCHBTC,8.508e-05,9.412e-05,8.431e-05,8.98e-05,1431051.4,130.1778015,17664
1622505600000,2021-06-01,1INCHBTC,8.615e-05,8.84e-05,8.328e-05,8.499e-05,642122.1,54.88996715,9247
1622419200000,2021-05-31,1INCHBTC,8.061e-05,8.847e-05,7.993e-05,8.614e-05,979158.5,82.97896643,14768
1622332800000,2021-05-30,1INCHBTC,7.419e-05,8.252e-05,7.148e-05,8.096e-05,824793.2,64.16264195,10721
1622246400000,2021-05-29,1INCHBTC,7.73e-05,8.222e-05,7.234e-05,7.416e-05,979271.2,75.51683847,9683
1622160000000,2021-05-28,1INCHBTC,8.519e-05,8.861e-05,7.419e-05,7.737e-05,1355695.7,109.07211551,16666
1622073600000,2021-05-27,1INCHBTC,8.739e-05,8.767e-05,7.993e-05,8.52e-05,1028866.5,85.76991341,14966
1621987200000,2021-05-26,1INCHBTC,7.545e-05,8.75e-05,7.47e-05,8.731e-05,2095536.5,172.11988856,23879
1621900800000,2021-05-25,1INCHBTC,7.582e-05,7.819e-05,6.932e-05,7.539e-05,1385767.5,101.27731172,16005
1621814400000,2021-05-24,1INCHBTC,6.74e-05,7.848e-05,6.585e-05,7.59e-05,2344414.2,168.86790924,22119
1621728000000,2021-05-23,1INCHBTC,7.263e-05,7.553e-05,5.71e-05,6.737e-05,2726088.4,177.84406869,21728
1621641600000,2021-05-22,1INCHBTC,8.356e-05,8.361e-05,7.093e-05,7.265e-05,1696565.5,128.95296448,17981
1621555200000,2021-05-21,1INCHBTC,8.864e-05,9.233e-05,7.846e-05,8.342e-05,2455961.4,204.92625379,24132
1621468800000,2021-05-20,1INCHBTC,8.753e-05,9.499e-05,7.833e-05,8.878e-05,2386349.6,208.80849809,29590
1621382400000,2021-05-19,1INCHBTC,0.00012283,0.00012552,8e-05,8.753e-05,4849360.1,478.75260525,77104
1621296000000,2021-05-18,1INCHBTC,0.00010795,0.000125,0.00010735,0.00012285,1879899.9,219.13957738,33970
1621209600000,2021-05-17,1INCHBTC,0.00011019,0.00011264,0.000105,0.00010793,1110626.4,120.54785328,18391
1621123200000,2021-05-16,1INCHBTC,0.00011238,0.00011403,0.00010345,0.00011027,1834652.4,199.67197432,27246
1621036800000,2021-05-15,1INCHBTC,0.00011506,0.0001218,0.00011156,0.0001125,1355889.3,157.99653787,21098
1620950400000,2021-05-14,1INCHBTC,0.00011227,0.00011682,0.00011128,0.00011514,886014.8,101.19697024,16615
1620864000000,2021-05-13,1INCHBTC,0.00011286,0.00011837,0.00010712,0.00011209,1669791.8,187.77676515,29773
1620777600000,2021-05-12,1INCHBTC,0.0001152,0.0001225,0.00011149,0.00011324,2007318.1,233.84498869,33334
1620691200000,2021-05-11,1INCHBTC,0.00011073,0.00011542,0.00010614,0.00011532,1373077.1,152.96115015,19949
1620604800000,2021-05-10,1INCHBTC,0.00012137,0.000122,0.00010309,0.00011074,2255337.2,256.83925474,32550
1620518400000,2021-05-09,1INCHBTC,0.00012723,0.00012775,0.00011534,0.00012149,2197949.1,266.54755467,35762
1620432000000,2021-05-08,1INCHBTC,0.00011484,0.0001334,0.00011363,0.00012712,3800185.8,470.68826894,49783
1620345600000,2021-05-07,1INCHBTC,0.00011712,0.00012394,0.00011233,0.00011485,2446090.0,291.04277257,35107
1620259200000,2021-05-06,1INCHBTC,0.00010426,0.00013296,0.00010308,0.00011716,7443291.6,897.28952836,95965
1620172800000,2021-05-05,1INCHBTC,9.858e-05,0.00010946,9.621e-05,0.00010426,2550326.0,263.66269651,34531
1620086400000,2021-05-04,1INCHBTC,0.00010266,0.00010461,9.692e-05,9.848e-05,1616833.5,162.73348171,24842
1620000000000,2021-05-03,1INCHBTC,9.479e-05,0.00010311,9.43e-05,0.00010263,1237547.1,122.02449659,18564
1619913600000,2021-05-02,1INCHBTC,9.563e-05,9.63e-05,9.127e-05,9.479e-05,544117.8,51.33609249,10000
1619827200000,2021-05-01,1INCHBTC,9.775e-05,9.916e-05,9.353e-05,9.562e-05,844550.0,80.79303821,10915
1619740800000,2021-04-30,1INCHBTC,0.00010219,0.00010622,9.744e-05,9.782e-05,1485249.3,150.43848366,21701
1619654400000,2021-04-29,1INCHBTC,0.0001013,0.00010866,9.92e-05,0.00010222,2374395.4,246.94920578,30755
1619568000000,2021-04-28,1INCHBTC,9.299e-05,0.00010583,8.718e-05,0.0001011,3769499.2,370.59827833,44552
1619481600000,2021-04-27,1INCHBTC,8.424e-05,9.377e-05,8.332e-05,9.291e-05,1590108.9,141.47005892,22893
1619395200000,2021-04-26,1INCHBTC,8.146e-05,8.52e-05,8.064e-05,8.424e-05,1184550.8,98.53816039,13298
1619308800000,2021-04-25,1INCHBTC,7.888e-05,8.442e-05,7.808e-05,8.145e-05,576807.1,46.99123396,7744
1619222400000,2021-04-24,1INCHBTC,8.375e-05,8.485e-05,7.843e-05,7.882e-05,933500.2,76.61914575,13568
1619136000000,2021-04-23,1INCHBTC,8.88e-05,9.013e-05,7.73e-05,8.372e-05,2257536.2,187.07469743,24436
1619049600000,2021-04-22,1INCHBTC,9.333e-05,9.724e-05,8.812e-05,8.869e-05,1399337.1,129.91053316,20473
1618963200000,2021-04-21,1INCHBTC,8.904e-05,9.6e-05,8.762e-05,9.327e-05,1744500.9,160.51814341,23580
1618876800000,2021-04-20,1INCHBTC,8.715e-05,9.19e-05,8.249e-05,8.898e-05,1675680.1,145.85752816,20918
1618790400000,2021-04-19,1INCHBTC,9.436e-05,9.573e-05,8.632e-05,8.71e-05,1632345.8,147.40254511,19777
1618704000000,2021-04-18,1INCHBTC,0.00010778,0.00011016,8.751e-05,9.441e-05,3819803.3,365.93250736,49348
1618617600000,2021-04-17,1INCHBTC,9.481e-05,0.00010862,9.481e-05,0.0001077,2272689.6,226.72203926,31913
1618531200000,2021-04-16,1INCHBTC,9.644e-05,9.773e-05,9.259e-05,9.48e-05,1781315.9,168.84142973,20265
1618444800000,2021-04-15,1INCHBTC,9.334e-05,0.0001019,9.189e-05,9.632e-05,3382697.7,330.8445848,35597
1618358400000,2021-04-14,1INCHBTC,8.83e-05,9.41e-05,8.652e-05,9.334e-05,2194274.8,198.17281387,25023
1618272000000,2021-04-13,1INCHBTC,9.188e-05,9.574e-05,8.6e-05,8.828e-05,2256408.6,202.96085497,24723
1618185600000,2021-04-12,1INCHBTC,9.457e-05,9.746e-05,8.753e-05,9.176e-05,2259133.8,209.11714311,25216
1618099200000,2021-04-11,1INCHBTC,9.597e-05,9.8e-05,9.318e-05,9.447e-05,2124995.7,203.36656144,22340
1618012800000,2021-04-10,1INCHBTC,0.000105,0.000105,9.282e-05,9.595e-05,4301647.3,421.93195073,41271
1617926400000,2021-04-09,1INCHBTC,0.00010662,0.00011383,0.00010223,0.000105,5198007.8,558.5701236,48548
1617840000000,2021-04-08,1INCHBTC,9.956e-05,0.00011387,9.712e-05,0.0001067,7366858.2,797.85821506,82030
1617753600000,2021-04-07,1INCHBTC,8.923e-05,0.00010549,8.075e-05,9.958e-05,8312425.5,803.29706678,87392
1617667200000,2021-04-06,1INCHBTC,8.995e-05,0.0001,8.84e-05,8.92e-05,4421129.5,414.50275181,55166
1617580800000,2021-04-05,1INCHBTC,7.854e-05,9.1e-05,7.612e-05,8.997e-05,4289615.2,364.64602629,50014
1617494400000,2021-04-04,1INCHBTC,7.446e-05,8.112e-05,7.359e-05,7.847e-05,1671384.1,129.61039113,18389
1617408000000,2021-04-03,1INCHBTC,7.933e-05,8.09e-05,7.395e-05,7.437e-05,2123504.8,165.64036763,26231
1617321600000,2021-04-02,1INCHBTC,7.583e-05,7.972e-05,7.437e-05,7.93e-05,1528714.8,116.93877241,17705
1617235200000,2021-04-01,1INCHBTC,7.387e-05,7.671e-05,7.312e-05,7.577e-05,1173842.8,88.0043343,15130
1617148800000,2021-03-31,1INCHBTC,7.674e-05,7.726e-05,7.18e-05,7.381e-05,1691145.4,125.05275765,18158
1617062400000,2021-03-30,1INCHBTC,7.984e-05,8.12e-05,7.635e-05,7.663e-05,2179787.5,169.52898692,22919
1616976000000,2021-03-29,1INCHBTC,7.328e-05,8.04e-05,7.3e-05,7.988e-05,2881403.1,220.82417206,32429
1616889600000,2021-03-28,1INCHBTC,7.151e-05,7.527e-05,7.071e-05,7.323e-05,1005064.2,73.98761038,13838
1616803200000,2021-03-27,1INCHBTC,7.279e-05,7.48e-05,7.031e-05,7.149e-05,1175224.5,84.48289466,14453
1616716800000,2021-03-26,1INCHBTC,7.15e-05,7.481e-05,7.141e-05,7.276e-05,1296830.3,95.22792954,15431
1616630400000,2021-03-25,1INCHBTC,7.099e-05,7.308e-05,6.884e-05,7.135e-05,1118610.5,79.83688949,12727
1616544000000,2021-03-24,1INCHBTC,7.508e-05,7.711e-05,6.871e-05,7.104e-05,1757746.0,130.0698617,19119
1616457600000,2021-03-23,1INCHBTC,7.959e-05,8.036e-05,7.506e-05,7.508e-05,1777992.6,137.82083408,17973
1616371200000,2021-03-22,1INCHBTC,8.148e-05,8.464e-05,7.688e-05,7.948e-05,1923200.1,156.41994439,22055
1616284800000,2021-03-21,1INCHBTC,8.095e-05,8.315e-05,7.945e-05,8.148e-05,1338266.0,108.81788353,13726
1616198400000,2021-03-20,1INCHBTC,8.433e-05,8.85e-05,8.064e-05,8.095e-05,1568974.5,132.75338041,20330
1616112000000,2021-03-19,1INCHBTC,7.939e-05,9.119e-05,7.895e-05,8.426e-05,2618759.2,224.42670442,32697
1616025600000,2021-03-18,1INCHBTC,8.54e-05,8.6e-05,7.883e-05,7.917e-05,1946853.0,159.34355224,27133
1615939200000,2021-03-17,1INCHBTC,8.024e-05,8.627e-05,7.573e-05,8.535e-05,3195992.7,260.33512974,45259
1615852800000,2021-03-16,1INCHBTC,7.095e-05,8.26e-05,7.054e-05,8.02e-05,3356672.5,255.94561486,34840
1615766400000,2021-03-15,1INCHBTC,6.51e-05,7.777e-05,6.481e-05,7.092e-05,2842412.0,205.68506718,30539
1615680000000,2021-03-14,1INCHBTC,6.703e-05,6.942e-05,6.425e-05,6.503e-05,1423750.0,94.1237638,16632
1615593600000,2021-03-13,1INCHBTC,6.645e-05,7.1e-05,6.459e-05,6.704e-05,1867171.2,126.38385965,20237
1615507200000,2021-03-12,1INCHBTC,6.927e-05,7.314e-05,6.524e-05,6.645e-05,2398797.6,165.43600046,19854
1615420800000,2021-03-11,1INCHBTC,7.177e-05,7.45e-05,6.83e-05,6.922e-05,1549966.2,109.83901123,16219
1615334400000,2021-03-10,1INCHBTC,8.09e-05,8.206e-05,7.033e-05,7.16e-05,2774021.6,210.59235707,30365
1615248000000,2021-03-09,1INCHBTC,8.257e-05,8.5e-05,7.807e-05,8.082e-05,2396118.8,194.92549267,34334
1615161600000,2021-03-08,1INCHBTC,7.821e-05,8.718e-05,7.676e-05,8.26e-05,2965079.2,243.17180899,34077
1615075200000,2021-03-07,1INCHBTC,7.918e-05,8.122e-05,7.58e-05,7.821e-05,2114135.6,164.589615,23534
1614988800000,2021-03-06,1INCHBTC,7.655e-05,7.92e-05,7.622e-05,7.902e-05,958234.7,74.40011668,10975
1614902400000,2021-03-05,1INCHBTC,7.937e-05,7.949e-05,7.6e-05,7.653e-05,1223699.5,94.68662757,16791
1614816000000,2021-03-04,1INCHBTC,8.066e-05,8.348e-05,7.798e-05,7.91e-05,1621890.2,130.99565906,18361
1614729600000,2021-03-03,1INCHBTC,8.272e-05,8.448e-05,7.931e-05,8.083e-05,1230338.3,101.02740579,18417
1614643200000,2021-03-02,1INCHBTC,8.307e-05,8.888e-05,8.08e-05,8.276e-05,2036497.1,173.36656247,23169
1614556800000,2021-03-01,1INCHBTC,8.52e-05,8.82e-05,8.07e-05,8.307e-05,1692947.6,142.74782274,18257
1614470400000,2021-02-28,1INCHBTC,9.006e-05,9.024e-05,8.1e-05,8.52e-05,2753517.3,232.34184422,29248
1614384000000,2021-02-27,1INCHBTC,9.719e-05,0.00010249,8.887e-05,9.008e-05,3301566.7,312.4532795,39006
1614297600000,2021-02-26,1INCHBTC,8.371e-05,0.00011,8.201e-05,9.708e-05,10105993.9,986.5112006,107172
1614211200000,2021-02-25,1INCHBTC,7.328e-05,9.26e-05,7.038e-05,8.351e-05,6353429.1,537.43427789,52466
1614124800000,2021-02-24,1INCHBTC,7.549e-05,8.44e-05,7.061e-05,7.345e-05,2721134.7,207.47589216,31129
1614038400000,2021-02-23,1INCHBTC,8.386e-05,8.434e-05,6.576e-05,7.55e-05,3051888.3,224.83020578,31191
1613952000000,2021-02-22,1INCHBTC,8.809e-05,8.844e-05,7e-05,8.386e-05,2322176.5,194.73621661,28092
1613865600000,2021-02-21,1INCHBTC,9.162e-05,9.57e-05,8.558e-05,8.809e-05,2533908.7,231.409427,30294
1613779200000,2021-02-20,1INCHBTC,8.25e-05,0.00010323,7.888e-05,9.154e-05,6417405.1,601.16510418,61569
1613692800000,2021-02-19,1INCHBTC,9.269e-05,9.424e-05,8.12e-05,8.245e-05,2521283.5,222.40611032,25193
1613606400000,2021-02-18,1INCHBTC,9.27e-05,9.938e-05,9.144e-05,9.266e-05,1990952.5,189.81821611,22656
1613520000000,2021-02-17,1INCHBTC,9.687e-05,0.00010002,8.844e-05,9.269e-05,2913175.4,273.44616947,29198
1613433600000,2021-02-16,1INCHBTC,0.00010325,0.00010663,9.547e-05,9.682e-05,2794071.3,280.32554075,26092
1613347200000,2021-02-15,1INCHBTC,0.00010811,0.00011499,9.063e-05,0.00010325,3969261.1,416.50053018,50441
1613260800000,2021-02-14,1INCHBTC,0.00012079,0.000132,0.00010552,0.000108,4538088.4,530.75727558,60742
1613174400000,2021-02-13,1INCHBTC,0.00011101,0.00013,0.00011051,0.00012078,4470068.3,530.71134804,61299
1613088000000,2021-02-12,1INCHBTC,0.00011721,0.000123,0.00010863,0.00011099,4047875.0,465.85616381,57253
1613001600000,2021-02-11,1INCHBTC,0.00010916,0.00012499,0.00010597,0.00011721,5546965.7,641.28213473,69126
1612915200000,2021-02-10,1INCHBTC,0.00010901,0.00011738,0.0001,0.00010904,3141027.8,348.34218784,44932
1612828800000,2021-02-09,1INCHBTC,0.00011465,0.0001156,0.00010288,0.0001087,3996739.7,433.37141442,52318
1612742400000,2021-02-08,1INCHBTC,0.00012768,0.00013385,0.00011175,0.00011478,3753766.8,459.04318691,47052
1612656000000,2021-02-07,1INCHBTC,0.00013413,0.00013546,0.000115,0.00012768,2846563.5,356.56794601,49688
1612569600000,2021-02-06,1INCHBTC,0.0001522,0.0001539,0.00012722,0.00013405,3732896.7,505.84272845,62424
1612483200000,2021-02-05,1INCHBTC,0.00015065,0.000167,0.00014799,0.0001522,4158472.2,649.92029541,63835
1612396800000,2021-02-04,1INCHBTC,0.00013405,0.00016,0.00012345,0.00015043,5703344.3,810.40545233,73946
1612310400000,2021-02-03,1INCHBTC,0.00013168,0.00014261,0.00012123,0.00013408,3652958.7,487.33780677,43823
1612224000000,2021-02-02,1INCHBTC,0.00014967,0.00015071,0.00012725,0.00013164,3439156.5,471.36642211,44248
1612137600000,2021-02-01,1INCHBTC,0.00014913,0.000155,0.00012301,0.00014968,7039454.1,985.87444502,78032
1612051200000,2021-01-31,1INCHBTC,0.00013366,0.00016745,0.00013267,0.00014914,12976182.6,1955.5906487,137755
1611964800000,2021-01-30,1INCHBTC,9.798e-05,0.00013634,9.588e-05,0.0001339,9862933.3,1162.70777929,85900
1611878400000,2021-01-29,1INCHBTC,9.328e-05,0.0001042,6.877e-05,9.821e-05,5567895.1,482.71233848,45608
1611792000000,2021-01-28,1INCHBTC,8.228e-05,0.00010601,8.119e-05,9.332e-05,6774859.6,660.59886786,49565
1611705600000,2021-01-27,1INCHBTC,8.271e-05,8.599e-05,7.416e-05,8.228e-05,4005691.4,318.02678474,35736
1611619200000,2021-01-26,1INCHBTC,7.297e-05,8.298e-05,6.984e-05,8.27e-05,4170113.6,318.6906826,37315
1611532800000,2021-01-25,1INCHBTC,7.665e-05,8.23e-05,7.079e-05,7.295e-05,6623520.6,501.5459374,48788
1611446400000,2021-01-24,1INCHBTC,6.016e-05,7.717e-05,5.918e-05,7.673e-05,5120264.8,352.41597648,38515
1611360000000,2021-01-23,1INCHBTC,5.326e-05,6.265e-05,5.264e-05,6.016e-05,2488262.3,146.83650462,16904
1611273600000,2021-01-22,1INCHBTC,5.117e-05,5.736e-05,4.76e-05,5.33e-05,3067063.4,163.52305252,19189
1611187200000,2021-01-21,1INCHBTC,5.21e-05,5.601e-05,4.925e-05,5.092e-05,2686143.6,141.34450593,15944
1611100800000,2021-01-20,1INCHBTC,5.313e-05,5.445e-05,4.788e-05,5.193e-05,2323436.2,118.53929936,14725
1611014400000,2021-01-19,1INCHBTC,5.135e-05,5.589e-05,4.889e-05,5.301e-05,3623446.1,191.22344098,23100
1610928000000,2021-01-18,1INCHBTC,5.665e-05,5.807e-05,4.75e-05,5.143e-05,5129038.8,269.30061434,31846
1610841600000,2021-01-17,1INCHBTC,4.53e-05,6.043e-05,4.457e-05,5.678e-05,10847135.5,578.86833993,52770
1610755200000,2021-01-16,1INCHBTC,3.677e-05,4.924e-05,3.614e-05,4.534e-05,5717057.4,250.74385268,35608
1610668800000,2021-01-15,1INCHBTC,3.418e-05,3.926e-05,3.346e-05,3.668e-05,3628211.5,132.26270494,20569
1610582400000,2021-01-14,1INCHBTC,3.415e-05,3.75e-05,3.302e-05,3.415e-05,2311003.6,79.44271166,11766
1610496000000,2021-01-13,1INCHBTC,3.313e-05,3.765e-05,3.285e-05,3.408e-05,3433940.3,121.40010339,18125
1610409600000,2021-01-12,1INCHBTC,3.181e-05,3.459e-05,3.078e-05,3.308e-05,1861770.2,60.89760454,11192
1610323200000,2021-01-11,1INCHBTC,3.161e-05,3.312e-05,3.042e-05,3.172e-05,1816421.8,57.89828607,14249
1610236800000,2021-01-10,1INCHBTC,3.102e-05,3.425e-05,3.031e-05,3.15e-05,2477279.2,79.63957254,17726
1610150400000,2021-01-09,1INCHBTC,2.917e-05,3.205e-05,2.8e-05,3.096e-05,2886058.5,87.06447648,15146
1610064000000,2021-01-08,1INCHBTC,3.287e-05,3.449e-05,2.758e-05,2.929e-05,4398436.0,138.26163237,20074
1609977600000,2021-01-07,1INCHBTC,4.114e-05,4.212e-05,3.216e-05,3.278e-05,4708212.4,181.78422985,23137
1609891200000,2021-01-06,1INCHBTC,3.69e-05,4.366e-05,3.422e-05,4.106e-05,5752419.5,224.35997166,26073
1609804800000,2021-01-05,1INCHBTC,3.217e-05,3.829e-05,3.204e-05,3.693e-05,4241009.0,150.62302552,19833
1609718400000,2021-01-04,1INCHBTC,3.36e-05,3.713e-05,3.199e-05,3.228e-05,3024325.7,103.70271356,19503
1609632000000,2021-01-03,1INCHBTC,3.188e-05,3.429e-05,2.758e-05,3.353e-05,4015820.9,124.73209616,18387
1609545600000,2021-01-02,1INCHBTC,3.93e-05,4.659e-05,3.12e-05,3.187e-05,2897325.3,100.4224325,14866
1609459200000,2021-01-01,1INCHBTC,4.708e-05,4.825e-05,3.77e-05,3.93e-05,4624974.8,191.89092384,23968
